-- MySQL dump 10.13  Distrib 8.0.46, for Win64 (x86_64)
--
-- Host: localhost    Database: mygym_local
-- ------------------------------------------------------
-- Server version	8.0.46

/*!40101 SET @OLD_CHARACTER_SET_CLIENT=@@CHARACTER_SET_CLIENT */;
/*!40101 SET @OLD_CHARACTER_SET_RESULTS=@@CHARACTER_SET_RESULTS */;
/*!40101 SET @OLD_COLLATION_CONNECTION=@@COLLATION_CONNECTION */;
/*!50503 SET NAMES utf8mb4 */;
/*!40103 SET @OLD_TIME_ZONE=@@TIME_ZONE */;
/*!40103 SET TIME_ZONE='+00:00' */;
/*!40014 SET @OLD_UNIQUE_CHECKS=@@UNIQUE_CHECKS, UNIQUE_CHECKS=0 */;
/*!40014 SET @OLD_FOREIGN_KEY_CHECKS=@@FOREIGN_KEY_CHECKS, FOREIGN_KEY_CHECKS=0 */;
/*!40101 SET @OLD_SQL_MODE=@@SQL_MODE, SQL_MODE='NO_AUTO_VALUE_ON_ZERO' */;
/*!40111 SET @OLD_SQL_NOTES=@@SQL_NOTES, SQL_NOTES=0 */;

--
-- Current Database: `mygym_local`
--

CREATE DATABASE /*!32312 IF NOT EXISTS*/ `mygym_local` /*!40100 DEFAULT CHARACTER SET utf8mb4 COLLATE utf8mb4_unicode_ci */ /*!80016 DEFAULT ENCRYPTION='N' */;

USE `mygym_local`;

--
-- Table structure for table `accounts_user`
--

DROP TABLE IF EXISTS `accounts_user`;
/*!40101 SET @saved_cs_client     = @@character_set_client */;
/*!50503 SET character_set_client = utf8mb4 */;
CREATE TABLE `accounts_user` (
  `id` bigint NOT NULL AUTO_INCREMENT,
  `password` varchar(128) COLLATE utf8mb4_unicode_ci NOT NULL,
  `last_login` datetime(6) DEFAULT NULL,
  `is_superuser` tinyint(1) NOT NULL,
  `username` varchar(150) COLLATE utf8mb4_unicode_ci NOT NULL,
  `first_name` varchar(150) COLLATE utf8mb4_unicode_ci NOT NULL,
  `last_name` varchar(150) COLLATE utf8mb4_unicode_ci NOT NULL,
  `email` varchar(254) COLLATE utf8mb4_unicode_ci NOT NULL,
  `is_staff` tinyint(1) NOT NULL,
  `is_active` tinyint(1) NOT NULL,
  `date_joined` datetime(6) NOT NULL,
  `role` varchar(20) COLLATE utf8mb4_unicode_ci NOT NULL,
  `phone` varchar(30) COLLATE utf8mb4_unicode_ci NOT NULL,
  PRIMARY KEY (`id`),
  UNIQUE KEY `username` (`username`)
) ENGINE=InnoDB AUTO_INCREMENT=158 DEFAULT CHARSET=utf8mb4 COLLATE=utf8mb4_unicode_ci;
/*!40101 SET character_set_client = @saved_cs_client */;

--
-- Dumping data for table `accounts_user`
--

LOCK TABLES `accounts_user` WRITE;
/*!40000 ALTER TABLE `accounts_user` DISABLE KEYS */;
INSERT INTO `accounts_user` VALUES (1,'pbkdf2_sha256$1000000$7iNXA4LDRYDJ0kMZqvjQJc$8TG6JKN9RuMgSjYTeXD9v1xvbKDE/Wa714ANJRWhQy0=','2026-06-23 16:33:19.564533',1,'arad','','','arad.mealzo@gmail.com',1,1,'2026-06-19 18:07:41.811386','CUSTOMER',''),(2,'pbkdf2_sha256$1000000$Y0EMrvCuMfwnJna0oPm1Na$hsvM2TMiPdmRL6naWVG60QeGq25ULgmQVugniUZlDrc=','2026-06-23 16:34:19.353898',0,'system_import_owner','','','imports@mygym.local',0,1,'2026-06-19 18:08:25.000000','OWNER',''),(59,'pbkdf2_sha256$1000000$NWOhcWmgRyrlK4LnrvlmOa$xuZlq0EeNgYUVL0mqx3izPyBu3nacbEs0R11A47OyPI=',NULL,0,'demo_customer_01','Demo Customer 01','','demo_customer_01@mygym.local',0,1,'2026-06-19 18:18:41.140058','CUSTOMER',''),(60,'pbkdf2_sha256$1000000$V4AtXTnzFjhb4qrl61MHr6$yGRJn9qJ+zennnTOiqaUSHn4CjSSmYbbo090hIlVrcs=',NULL,0,'demo_customer_02','Demo Customer 02','','demo_customer_02@mygym.local',0,1,'2026-06-19 18:18:41.821912','CUSTOMER',''),(61,'pbkdf2_sha256$1000000$hupghCtFI5c3P0tWSLDmmR$c8DKw14vkBhyxQMcCGfRjaAJOKkJz5Rekes1G4cc55Y=',NULL,0,'demo_customer_03','Demo Customer 03','','demo_customer_03@mygym.local',0,1,'2026-06-19 18:18:42.478577','CUSTOMER',''),(62,'pbkdf2_sha256$1000000$I1eKFfHzRYOoYUKtsjxWd7$tZcbWfOujws6R2CcmU+fZcEVcOuXmnXOzpUCdCrUlUA=',NULL,0,'demo_customer_04','Demo Customer 04','','demo_customer_04@mygym.local',0,1,'2026-06-19 18:18:43.150033','CUSTOMER',''),(63,'pbkdf2_sha256$1000000$7w10iqPRw7fhjFDmXq0voe$3AkMz2YtLyJ7Akf6Rgq1keqgTlZTBWvHnJWuxVqbXvA=',NULL,0,'demo_customer_05','Demo Customer 05','','demo_customer_05@mygym.local',0,1,'2026-06-19 18:18:43.810181','CUSTOMER',''),(64,'pbkdf2_sha256$1000000$Phx5ukDWksEbX3SDznCaib$rgj2Z9BYzOTbTsPhbXq1Fg/v1w1ZhTrCXVfcB8i9F80=',NULL,0,'demo_customer_06','Demo Customer 06','','demo_customer_06@mygym.local',0,1,'2026-06-19 18:18:44.456705','CUSTOMER',''),(65,'pbkdf2_sha256$1000000$y0MROLOGHNSkEdW9ePlI8u$lrW1Apz02S9IEvhiabVW3N8LC8Dc3gzLpEyF20J1twI=',NULL,0,'demo_customer_07','Demo Customer 07','','demo_customer_07@mygym.local',0,1,'2026-06-19 18:18:45.100713','CUSTOMER',''),(66,'pbkdf2_sha256$1000000$rDdLvfzXMKbKbec0jV478e$GrH8BbHB8hr6xDonHAHAbigsfF6LfFXMTBlxxQfLt6I=',NULL,0,'demo_customer_08','Demo Customer 08','','demo_customer_08@mygym.local',0,1,'2026-06-19 18:18:45.757073','CUSTOMER',''),(67,'pbkdf2_sha256$1000000$LxvrhFLV16V3MWmYhK6Hwr$kNpL+0ppWhufEXZKPqfs3KrSszkjgPROgn9c1NeMxeg=',NULL,0,'demo_customer_09','Demo Customer 09','','demo_customer_09@mygym.local',0,1,'2026-06-19 18:18:46.405620','CUSTOMER',''),(68,'pbkdf2_sha256$1000000$mZvtGc6eJAUlAIsWkJ5FvN$YsQCv77DG5sa6jBkawQ/VntLFFehV0LPjTUUShZcuNw=',NULL,0,'demo_customer_10','Demo Customer 10','','demo_customer_10@mygym.local',0,1,'2026-06-19 18:18:47.051130','CUSTOMER',''),(69,'pbkdf2_sha256$1000000$hMNgoPLan3eEsiIiWxsTaH$96QWAHDKOwkLT/0wLkfiwMAMticCIsYZ8dzkM5SkGGU=',NULL,0,'demo_customer_11','Demo Customer 11','','demo_customer_11@mygym.local',0,1,'2026-06-19 18:18:47.704470','CUSTOMER',''),(70,'pbkdf2_sha256$1000000$em1PH7PO5n3Nyma4oUExAp$czg8FC+RJakLuQ/jRWhYSxeqyRc5ZalqSHe7wDe/AJ8=',NULL,0,'demo_customer_12','Demo Customer 12','','demo_customer_12@mygym.local',0,1,'2026-06-19 18:18:48.357184','CUSTOMER',''),(71,'pbkdf2_sha256$1000000$Q5xroXrMHZT3A5WLqjjU3j$4PkshC/r2sarPhmP0i3MuIL/eI7ngYs6ygaaJI4Xga8=',NULL,0,'demo_customer_13','Demo Customer 13','','demo_customer_13@mygym.local',0,1,'2026-06-19 18:18:49.018561','CUSTOMER',''),(72,'pbkdf2_sha256$1000000$qXtUq4EI2g1DvrIrHvWOcF$kxROnA6X4id87pXtDzZWI3xlFM1i5RltzWcwAbmSwKU=',NULL,0,'demo_customer_14','Demo Customer 14','','demo_customer_14@mygym.local',0,1,'2026-06-19 18:18:49.697563','CUSTOMER',''),(73,'pbkdf2_sha256$1000000$uuK8Dm7pEDD5UEaZ2MucCS$L6gJYnt+tPH2xpkR8m9nweQzRWdAv7Cd5xO3Q4LZr9E=',NULL,0,'demo_customer_15','Demo Customer 15','','demo_customer_15@mygym.local',0,1,'2026-06-19 18:18:50.357490','CUSTOMER',''),(74,'pbkdf2_sha256$1000000$X5MNgCWdE2moHi333uZwEu$2dcIdrfDvY+qpvE6ULfMl61dKIBOGA/YYKWjZj7y4fA=',NULL,0,'demo_customer_16','Demo Customer 16','','demo_customer_16@mygym.local',0,1,'2026-06-19 18:18:51.024734','CUSTOMER',''),(75,'pbkdf2_sha256$1000000$VjQqyLhZ7TLmpVe2lT4peq$stm9CC43uHa+OytqxnVPGCAD00NGDQjDpjQreU4/nQk=',NULL,0,'demo_customer_17','Demo Customer 17','','demo_customer_17@mygym.local',0,1,'2026-06-19 18:18:51.677717','CUSTOMER',''),(76,'pbkdf2_sha256$1000000$a5qlJf0fcNxQRwmfi1uxbk$eKOyGu722AzwYKJxv8D8v5dg9h1CM9kFREc259aCjpU=',NULL,0,'demo_customer_18','Demo Customer 18','','demo_customer_18@mygym.local',0,1,'2026-06-19 18:18:52.334292','CUSTOMER',''),(77,'pbkdf2_sha256$1000000$6JzQtwOw4nK31HM3a2dbZ8$nyTsikXcwKdvjWNg5ihtHqDI9XaaOYhqvDDQQuwDBOs=',NULL,0,'demo_customer_19','Demo Customer 19','','demo_customer_19@mygym.local',0,1,'2026-06-19 18:18:52.984526','CUSTOMER',''),(78,'pbkdf2_sha256$1000000$4pqqwmDbi9YQ6DlWfUCgq5$YLGHqt6uslHm8Ti2q55jfEZ5nNDJ95B2LeMBke+6pfA=',NULL,0,'demo_customer_20','Demo Customer 20','','demo_customer_20@mygym.local',0,1,'2026-06-19 18:18:53.680511','CUSTOMER',''),(79,'pbkdf2_sha256$1000000$cwdwhwywVlM0bF0dVu4GyD$XJi6Ut9DpxyDi7rBg1Xzq3RuBdlU7Y1Is6P/wlfnceE=',NULL,0,'demo_customer_21','Demo Customer 21','','demo_customer_21@mygym.local',0,1,'2026-06-19 18:18:54.372411','CUSTOMER',''),(80,'pbkdf2_sha256$1000000$qXsgR9flBoULPRTVrQjNCg$FaSY2HFkWB/n8vJO4FY4e4H3XH1ZajhGZN2qzvvJ51U=',NULL,0,'demo_customer_22','Demo Customer 22','','demo_customer_22@mygym.local',0,1,'2026-06-19 18:18:55.035798','CUSTOMER',''),(81,'pbkdf2_sha256$1000000$xIDhqBbCbqOZ01v4tp235E$m4gQ1TgdiUIBbBFbIQiIWQqO9u687EEM59rlqKJubXQ=',NULL,0,'demo_customer_23','Demo Customer 23','','demo_customer_23@mygym.local',0,1,'2026-06-19 18:18:55.731499','CUSTOMER',''),(82,'pbkdf2_sha256$1000000$otqDeyAgSts7IMSSU4KKwM$7kv8SBt80RQrmFrwqXyIiAkosJHEmg+eZMx1cdApu2I=',NULL,0,'demo_customer_24','Demo Customer 24','','demo_customer_24@mygym.local',0,1,'2026-06-19 18:18:56.410507','CUSTOMER',''),(83,'pbkdf2_sha256$1000000$Ldjvka95uBSd9ZGmKMSERV$rAhc3XQq+QEU4640AKAyVRDPEqGbgcBwAbuQ8HeruM8=',NULL,0,'demo_customer_25','Demo Customer 25','','demo_customer_25@mygym.local',0,1,'2026-06-19 18:18:57.076296','CUSTOMER',''),(84,'pbkdf2_sha256$1000000$vWWquzfBuLHUGLJvfp3unk$XT1s1fNUq5JYdZGMVAvUEKjXFFaqsM3m9vkLHeBYzvA=',NULL,0,'demo_customer_26','Demo Customer 26','','demo_customer_26@mygym.local',0,1,'2026-06-19 18:18:57.751013','CUSTOMER',''),(85,'pbkdf2_sha256$1000000$nuWe6oJmvStYSChLLWaHZW$DpmF1IR6TG2yaw7oaRHQO+vczc+npEnCq6Tlf+UUdRQ=',NULL,0,'demo_customer_27','Demo Customer 27','','demo_customer_27@mygym.local',0,1,'2026-06-19 18:18:58.460554','CUSTOMER',''),(86,'pbkdf2_sha256$1000000$nVukvIUmUtu7NY2KRxINg7$+iyvSyuslecmvD4RYmoahrFLz0PvARknQZaLhA8brDU=',NULL,0,'demo_customer_28','Demo Customer 28','','demo_customer_28@mygym.local',0,1,'2026-06-19 18:18:59.129057','CUSTOMER',''),(87,'pbkdf2_sha256$1000000$MiLeobTekSqIDjGDa4Krzc$KO1G072ztP3mO5V+Qy5d7gpwBVCTnUC38p/xgsyXhFU=',NULL,0,'demo_customer_29','Demo Customer 29','','demo_customer_29@mygym.local',0,1,'2026-06-19 18:18:59.810123','CUSTOMER',''),(88,'pbkdf2_sha256$1000000$NlH62SB7BN7ft0ibqKzMaq$Z8G0n0f2XZYdpdGdkbXDfviaNYHyqictGjLq3FHCDZ0=',NULL,0,'demo_customer_30','Demo Customer 30','','demo_customer_30@mygym.local',0,1,'2026-06-19 18:19:00.480885','CUSTOMER',''),(89,'pbkdf2_sha256$1000000$HSulndBQdy3XtfovmuYV08$aijbEQgl5kvOI9enf16JPKx/pGrikL5scSlFq63Ma6c=',NULL,0,'demo_customer_31','Demo Customer 31','','demo_customer_31@mygym.local',0,1,'2026-06-19 18:19:01.154867','CUSTOMER',''),(90,'pbkdf2_sha256$1000000$d6yHt4oYOJdlgry1x3JRsd$bVQQpPLYGQ5o8HPc8RBpyDIKHJ/0Btx6P69lM99mCYU=',NULL,0,'demo_customer_32','Demo Customer 32','','demo_customer_32@mygym.local',0,1,'2026-06-19 18:19:01.842929','CUSTOMER',''),(91,'pbkdf2_sha256$1000000$GRo1p4NCFmDEEq7MIvBnlb$1ZaFYRaHJm1/55nTSu9m3XGRvGl7Gb8D/aUkm46XZEE=',NULL,0,'demo_customer_33','Demo Customer 33','','demo_customer_33@mygym.local',0,1,'2026-06-19 18:19:02.495364','CUSTOMER',''),(92,'pbkdf2_sha256$1000000$PfhajRsyXZtalZ2Fb4q5Om$linSonQMV+63et13KrsUQ/T5H69cXc3OuqajX6xe4ig=',NULL,0,'demo_customer_34','Demo Customer 34','','demo_customer_34@mygym.local',0,1,'2026-06-19 18:19:03.156321','CUSTOMER',''),(93,'pbkdf2_sha256$1000000$wwAF764Ijk9PuVuherhEzV$yf3XgOII8Fcx5I3LaZi9a7j3ieA8DxXctL1WaUT7goc=',NULL,0,'demo_customer_35','Demo Customer 35','','demo_customer_35@mygym.local',0,1,'2026-06-19 18:19:03.811475','CUSTOMER',''),(94,'pbkdf2_sha256$1000000$LD6uacVIRwYJxku7j2c4xX$wRpaMzeGT5R4SycccXFc+MeHlU2T+Wp3xEbA6ljWTIw=',NULL,0,'demo_customer_36','Demo Customer 36','','demo_customer_36@mygym.local',0,1,'2026-06-19 18:19:04.482300','CUSTOMER',''),(95,'pbkdf2_sha256$1000000$oP3Nq10094zjWCErfiJ4Mp$RvK5CC/ZFwvshcevJZIiLMfjE/RNX79p28vGLAvJpds=',NULL,0,'demo_customer_37','Demo Customer 37','','demo_customer_37@mygym.local',0,1,'2026-06-19 18:19:05.140306','CUSTOMER',''),(96,'pbkdf2_sha256$1000000$VqygYgEq1omq3VqrSu9qNK$dsmTecYd5LF9xM0QVe04j4qPFHBCS5m8uWUFftZ7H+s=',NULL,0,'demo_customer_38','Demo Customer 38','','demo_customer_38@mygym.local',0,1,'2026-06-19 18:19:05.801614','CUSTOMER',''),(97,'pbkdf2_sha256$1000000$AcNueEIp9a1UiRdW47xud8$YrIu6vq7iUePsw3l8rDq/svu4WzxWC2jjgV4VGiwNOU=',NULL,0,'demo_customer_39','Demo Customer 39','','demo_customer_39@mygym.local',0,1,'2026-06-19 18:19:06.450329','CUSTOMER',''),(98,'pbkdf2_sha256$1000000$Hcm37FXplAsJDlqLanBplS$cWakyd+FRRqbyIsOwhVaO9NA4rPJDJ/CVHMkJESS8lI=',NULL,0,'demo_customer_40','Demo Customer 40','','demo_customer_40@mygym.local',0,1,'2026-06-19 18:19:07.102510','CUSTOMER',''),(99,'pbkdf2_sha256$1000000$QiqFWdmgVceFERmRmOwyln$TRp9YNQIZN4hDdf0rpo6j0Czx/TJGvE34s44I3Aotd0=',NULL,0,'demo_customer_41','Demo Customer 41','','demo_customer_41@mygym.local',0,1,'2026-06-19 18:19:07.756787','CUSTOMER',''),(100,'pbkdf2_sha256$1000000$igo6gOyLdBSTJC7d1nvbDb$TACqQY7o2612DjKqHEdvvSqOaE7H+hKaBFajF8LjPuY=',NULL,0,'demo_customer_42','Demo Customer 42','','demo_customer_42@mygym.local',0,1,'2026-06-19 18:19:08.399737','CUSTOMER',''),(101,'pbkdf2_sha256$1000000$RlClLrIXVYrknxlFnPI1NR$z7+bcRc9qHxZeDQnaT+jsnlADFYZ5he9ktAPYinRG/g=',NULL,0,'demo_customer_43','Demo Customer 43','','demo_customer_43@mygym.local',0,1,'2026-06-19 18:19:09.044480','CUSTOMER',''),(102,'pbkdf2_sha256$1000000$iD4ruFAooudt0jGnvXp5mh$eMj0cblT6qjWvmoXe5rZAvxkhaRx7dAKy1/mfBJyxPs=',NULL,0,'demo_customer_44','Demo Customer 44','','demo_customer_44@mygym.local',0,1,'2026-06-19 18:19:09.703123','CUSTOMER',''),(103,'pbkdf2_sha256$1000000$vFFnB5smbOF8hN1WTbt22G$7xaS5siem/uXP0k3WXlwEUJGYiAicX/e7iX0WuMpGW4=',NULL,0,'demo_customer_45','Demo Customer 45','','demo_customer_45@mygym.local',0,1,'2026-06-19 18:19:10.344214','CUSTOMER',''),(104,'pbkdf2_sha256$1000000$P6N4ZYNnSVxDGAzcLsKPKF$PCtJ9Hy24Y7zQfc22ohwqDupjDj+NqFp2L8um7sh/JM=',NULL,0,'demo_customer_46','Demo Customer 46','','demo_customer_46@mygym.local',0,1,'2026-06-19 18:19:10.991055','CUSTOMER',''),(105,'pbkdf2_sha256$1000000$NuyFVWYpEmdwvTBz0JApaw$dVXAscyZktTo79e76L6p47RdShzoFG/lxtgfKPTtHjg=',NULL,0,'demo_customer_47','Demo Customer 47','','demo_customer_47@mygym.local',0,1,'2026-06-19 18:19:11.644842','CUSTOMER',''),(106,'pbkdf2_sha256$1000000$c5I7GUp84NIvk9ZQ5ssGQ5$5UkncVZK/taqgEtWYw4yNP1cJs/XLnaDgpXvHDyk+OU=',NULL,0,'demo_customer_48','Demo Customer 48','','demo_customer_48@mygym.local',0,1,'2026-06-19 18:19:12.294700','CUSTOMER',''),(107,'pbkdf2_sha256$1000000$EbATIKsNtPWN2VlNrXY2p0$1ZsHHi3Xym8xuRvq3DH11FNlbfpnWLOME8+0S2xTuIU=',NULL,0,'demo_customer_49','Demo Customer 49','','demo_customer_49@mygym.local',0,1,'2026-06-19 18:19:12.949808','CUSTOMER',''),(108,'pbkdf2_sha256$1000000$NtC2VEjBGvrIqTo3KETa1E$30v7/llm8ByoOYRY4vF6i5uZ17tlD60QVkydrZIT0qo=',NULL,0,'demo_customer_50','Demo Customer 50','','demo_customer_50@mygym.local',0,1,'2026-06-19 18:19:13.595212','CUSTOMER',''),(109,'pbkdf2_sha256$1000000$SYgpMgSUJp1KtsqSgIQ9oH$lT5r5zRtrnEVd8w9SaYgPhinFjtUSFLcbitjI2JBOk8=',NULL,0,'demo_customer_51','Demo Customer 51','','demo_customer_51@mygym.local',0,1,'2026-06-19 18:19:14.252915','CUSTOMER',''),(110,'pbkdf2_sha256$1000000$3OCSnQzraJSWiItPY3U70x$QKvbrqiZy4Syjj+fh/Hc5qePiBIprraKEWqqzm+UCGE=',NULL,0,'demo_customer_52','Demo Customer 52','','demo_customer_52@mygym.local',0,1,'2026-06-19 18:19:14.899407','CUSTOMER',''),(111,'pbkdf2_sha256$1000000$5CTqzGdbTz2xCMhqW2NRt4$pmqTVJpXvF01m0kgAtXQi8W5d6Yp9+twlrd1/ZS+Tnc=',NULL,0,'demo_customer_53','Demo Customer 53','','demo_customer_53@mygym.local',0,1,'2026-06-19 18:19:15.545491','CUSTOMER',''),(112,'pbkdf2_sha256$1000000$9TTNJAOg7TNalfyiJsIsys$N8ijuA7wwYB2ZcBbZILRltmW1fppY2DOnzuzPLtA2SM=',NULL,0,'demo_customer_54','Demo Customer 54','','demo_customer_54@mygym.local',0,1,'2026-06-19 18:19:16.220313','CUSTOMER',''),(113,'pbkdf2_sha256$1000000$SLGMocQECOQf7tCwbmi3i8$ujJIm/nZrUXIFRkao037gdpGcmkM9QOgPYWtZ39L1Yc=',NULL,0,'demo_customer_55','Demo Customer 55','','demo_customer_55@mygym.local',0,1,'2026-06-19 18:19:16.925135','CUSTOMER',''),(114,'pbkdf2_sha256$1000000$2jXrfGdGKDQSmo4OorKLc5$Ibq5trSCODGhiHqiZt7zVvMFr2vm2SaLZZDvYC7FEVE=',NULL,0,'demo_customer_56','Demo Customer 56','','demo_customer_56@mygym.local',0,1,'2026-06-19 18:19:17.606866','CUSTOMER',''),(115,'pbkdf2_sha256$1000000$femOmMSuFKpLEPujfGllJC$bC+QFutFtBcslz+CvyauJ4n2CUR0XGW5JP6StH0hU8o=',NULL,0,'demo_customer_57','Demo Customer 57','','demo_customer_57@mygym.local',0,1,'2026-06-19 18:19:18.316963','CUSTOMER',''),(116,'pbkdf2_sha256$1000000$hBsJg2EPbzGr9sfvjdkmHc$LvSNaXnMPYqxmKlMg5l3rndhtSPnWuZaeFMT2HYH6QE=',NULL,0,'demo_customer_58','Demo Customer 58','','demo_customer_58@mygym.local',0,1,'2026-06-19 18:19:18.989993','CUSTOMER',''),(117,'pbkdf2_sha256$1000000$u76jL65lkNASkRtbFPHv9y$Qq3Pk69RODKY8mt9P3OikfQYfQz3Jlro2RSDhxnmjJQ=',NULL,0,'demo_customer_59','Demo Customer 59','','demo_customer_59@mygym.local',0,1,'2026-06-19 18:19:19.665498','CUSTOMER',''),(118,'pbkdf2_sha256$1000000$QOSHECv1UJFh2zUEHCbItr$ick4xv9HmC5rXcsLxC/7IdqXTMhAbpCMRTYEk6LQhpE=',NULL,0,'demo_customer_60','Demo Customer 60','','demo_customer_60@mygym.local',0,1,'2026-06-19 18:19:20.358616','CUSTOMER',''),(119,'pbkdf2_sha256$1000000$bIRWuuleXZ53PmhsdJrsIr$9Y1OWJ//s6tJfOC8S/ttFyZWFBOptFr5Hiksls3PE7s=',NULL,0,'demo_customer_61','Demo Customer 61','','demo_customer_61@mygym.local',0,1,'2026-06-19 18:19:21.027781','CUSTOMER',''),(120,'pbkdf2_sha256$1000000$MRypM83jreLxb7X0NZnbDI$PPXgM/FCjliRgvqE27J1kOnBiiJgxp+lq08ZM5dpIh4=',NULL,0,'demo_customer_62','Demo Customer 62','','demo_customer_62@mygym.local',0,1,'2026-06-19 18:19:21.695072','CUSTOMER',''),(121,'pbkdf2_sha256$1000000$Z47Tsg5sIiUxcyc7rF9znc$sVKH6ovcMFgYIF521YV5eQxU5XizybaACLFQ/rUKvbc=',NULL,0,'demo_customer_63','Demo Customer 63','','demo_customer_63@mygym.local',0,1,'2026-06-19 18:19:22.348727','CUSTOMER',''),(122,'pbkdf2_sha256$1000000$MV4cpsHLx6gdAPQdtOxCQS$FqB4OVFcuoSDgYOdDdd8XmP5LhMXMRShX3yHTatO/6c=',NULL,0,'demo_customer_64','Demo Customer 64','','demo_customer_64@mygym.local',0,1,'2026-06-19 18:19:23.021528','CUSTOMER',''),(123,'pbkdf2_sha256$1000000$9VErJmQJ2rvYqiASHmx0QI$DZAjoQN4u6ClLVMJWXyRu2VO0NnCwsV/1qQdGJO2SnE=',NULL,0,'demo_customer_65','Demo Customer 65','','demo_customer_65@mygym.local',0,1,'2026-06-19 18:19:23.684071','CUSTOMER',''),(124,'pbkdf2_sha256$1000000$yhVegTPL1wAmxmtUi21gq6$pIMU8N51V81GJworT2DjmeDvsyMDZ3jGkkdsAYEICL8=',NULL,0,'demo_customer_66','Demo Customer 66','','demo_customer_66@mygym.local',0,1,'2026-06-19 18:19:24.342520','CUSTOMER',''),(125,'pbkdf2_sha256$1000000$hZSszAVoSpXSG2uqD7C3tk$cTov8pc4/s2fMEIDrr/WE8eccF9R3xkMbYkSRwNFOZ0=',NULL,0,'demo_customer_67','Demo Customer 67','','demo_customer_67@mygym.local',0,1,'2026-06-19 18:19:25.005005','CUSTOMER',''),(126,'pbkdf2_sha256$1000000$9VcGfzMB9vdDKv47oOZgwh$mKyHbu2+HIcL0tdJ/nm3ltXYGhFECdCwEyIi7Y/ZNSw=',NULL,0,'demo_customer_68','Demo Customer 68','','demo_customer_68@mygym.local',0,1,'2026-06-19 18:19:25.655268','CUSTOMER',''),(127,'pbkdf2_sha256$1000000$gdsZMTVaY5NTU18isg6NBc$T/HFZyD+2JmahjRH74gY9/o6ICx57P5c1OFgj9q3VPo=',NULL,0,'demo_customer_69','Demo Customer 69','','demo_customer_69@mygym.local',0,1,'2026-06-19 18:19:26.308827','CUSTOMER',''),(128,'pbkdf2_sha256$1000000$22ez3T7tClAkHIaPpqElcx$K8x290VrjHCji6juBNM5fOHMRNTN7+tqUIJWC1ppRIw=',NULL,0,'demo_customer_70','Demo Customer 70','','demo_customer_70@mygym.local',0,1,'2026-06-19 18:19:26.973704','CUSTOMER',''),(129,'pbkdf2_sha256$1000000$hL84SLOXF8PPtZu9RKWE5t$6abuk2crq/9n26H4Z3c795zrTootYKsaVLKLXd3xKfc=',NULL,0,'demo_customer_71','Demo Customer 71','','demo_customer_71@mygym.local',0,1,'2026-06-19 18:19:27.653651','CUSTOMER',''),(130,'pbkdf2_sha256$1000000$ZXSGat9JIgwyerWJnR0t7I$Hn9NJlVi5N6dhXv+FbZ68adZnrG/+qhEjkFpc3KivSc=',NULL,0,'demo_customer_72','Demo Customer 72','','demo_customer_72@mygym.local',0,1,'2026-06-19 18:19:28.321874','CUSTOMER',''),(131,'pbkdf2_sha256$1000000$Fh4o4M9ZSUNx95TWrCPWta$Ql+hfEKeEsxr3XHShVpeWgcaY4MSjTWYvfcH9tvGhow=',NULL,0,'demo_customer_73','Demo Customer 73','','demo_customer_73@mygym.local',0,1,'2026-06-19 18:19:29.008119','CUSTOMER',''),(132,'pbkdf2_sha256$1000000$ZnpcONZc160EX6ipiU6rhZ$iY5K89jzZYAOhLrc4hpU236AzE8d1gZi2mucZMD6Jtk=',NULL,0,'demo_customer_74','Demo Customer 74','','demo_customer_74@mygym.local',0,1,'2026-06-19 18:19:29.685426','CUSTOMER',''),(133,'pbkdf2_sha256$1000000$mD7VeU5LNHNDJkx2YlTJOg$WwZ8x6ULUf/jDfbcJnbx0cDYFQHevGOIrzjYDDs+cA0=',NULL,0,'demo_customer_75','Demo Customer 75','','demo_customer_75@mygym.local',0,1,'2026-06-19 18:19:30.349767','CUSTOMER',''),(134,'pbkdf2_sha256$1000000$KdgXVt5TjylRBBvkAWWxHi$sP0KOOwsmOovTCrumbvnnfvBWYPFWT+2bHuT6eiz1j4=',NULL,0,'demo_customer_76','Demo Customer 76','','demo_customer_76@mygym.local',0,1,'2026-06-19 18:19:31.035097','CUSTOMER',''),(135,'pbkdf2_sha256$1000000$sTAOrh7oqFTCxm3EvqdA0X$UjCOthUAFkg0ced0em/TXDsd9hTZzG+KHzzh4J6sSGo=',NULL,0,'demo_customer_77','Demo Customer 77','','demo_customer_77@mygym.local',0,1,'2026-06-19 18:19:31.715996','CUSTOMER',''),(136,'pbkdf2_sha256$1000000$QPFQe6m8Q1ouVFE0FX76wn$kBSwcA9LBwxf3WIRD4CsRlMhlGHxdVdOfoqgdLEMDhQ=',NULL,0,'demo_customer_78','Demo Customer 78','','demo_customer_78@mygym.local',0,1,'2026-06-19 18:19:32.383328','CUSTOMER',''),(137,'pbkdf2_sha256$1000000$MpvZ4Sm2Z1jWX4GpI1CS8q$shEeD2LemsSrziVzKCuind2djkVPHSL3MXL4CZhXwBM=',NULL,0,'demo_customer_79','Demo Customer 79','','demo_customer_79@mygym.local',0,1,'2026-06-19 18:19:33.082506','CUSTOMER',''),(138,'pbkdf2_sha256$1000000$JXBvFPjWXpNEm05EkwRsLM$W0W7DfFZdJmV/60Z/OpT5kkjJI5USEH3S81b3qEISD4=',NULL,0,'demo_customer_80','Demo Customer 80','','demo_customer_80@mygym.local',0,1,'2026-06-19 18:19:33.750432','CUSTOMER',''),(139,'pbkdf2_sha256$1000000$cODJOrOMNhtwwToz3tiBnm$vQpEcyWWGuOLl9Zf2t4HunYgMRvP7uDiDm7bJKtCyJI=',NULL,0,'demo_customer_81','Demo Customer 81','','demo_customer_81@mygym.local',0,1,'2026-06-19 18:19:34.419699','CUSTOMER',''),(140,'pbkdf2_sha256$1000000$WVXK7uevubaMaA31hNwncZ$C9OmfWXonH6brIRVauyqULUO/BXLdHyQnnHx1ZAX4LE=',NULL,0,'demo_customer_82','Demo Customer 82','','demo_customer_82@mygym.local',0,1,'2026-06-19 18:19:35.082409','CUSTOMER',''),(141,'pbkdf2_sha256$1000000$NVpUEMuDtKMarw1BwOHp2S$s809GX7sXmNEjQX2tkaa6wKt3lTu+2l27aKfaisxENs=',NULL,0,'demo_customer_83','Demo Customer 83','','demo_customer_83@mygym.local',0,1,'2026-06-19 18:19:35.759003','CUSTOMER',''),(142,'pbkdf2_sha256$1000000$N7McutGS2s1ApyOdWU1FgT$xq8Y0NoZSZpVtanPsOUso8wtrqX/ckC6a8HI32DfDgw=',NULL,0,'demo_customer_84','Demo Customer 84','','demo_customer_84@mygym.local',0,1,'2026-06-19 18:19:36.427043','CUSTOMER',''),(143,'pbkdf2_sha256$1000000$ZUG76GvOeZkhAj80RWrrjP$JN78oYaLxWyqC83F4VlPcPvIlgEMIgY2RaQAryOiuDk=',NULL,0,'demo_customer_85','Demo Customer 85','','demo_customer_85@mygym.local',0,1,'2026-06-19 18:19:37.094375','CUSTOMER',''),(144,'pbkdf2_sha256$1000000$GaF3M46EUqxYpEEZBON0P0$mKEaCSRlomcPosC690eRqgh7mjRDv1g15IxF3V4eXm4=',NULL,0,'demo_customer_86','Demo Customer 86','','demo_customer_86@mygym.local',0,1,'2026-06-19 18:19:37.767773','CUSTOMER',''),(145,'pbkdf2_sha256$1000000$eMkqDMaKEcB2ZDjc7v1KTk$2WOKlJEavoYush3vVdIkFenUd2yWEW4zQwhgUz6QJHs=',NULL,0,'demo_customer_87','Demo Customer 87','','demo_customer_87@mygym.local',0,1,'2026-06-19 18:19:38.431468','CUSTOMER',''),(146,'pbkdf2_sha256$1000000$51zD95rTh7jul9zJjyKnWy$+z6OElLje8xw6rpHxlEIhxL2k/tlfEo2JLe7E7dLl6I=',NULL,0,'demo_customer_88','Demo Customer 88','','demo_customer_88@mygym.local',0,1,'2026-06-19 18:19:39.099901','CUSTOMER',''),(147,'pbkdf2_sha256$1000000$nPuXydXCYcqOZZDZgLfqfC$YuTh6BTpW/NxvCj9K0mP/kBGJR0TH1A17MFfWwP6ARc=',NULL,0,'demo_customer_89','Demo Customer 89','','demo_customer_89@mygym.local',0,1,'2026-06-19 18:19:39.796832','CUSTOMER',''),(148,'pbkdf2_sha256$1000000$vaMTYaFID7ICas01KX869z$KHuccRg349JnK7rhc7l6Yo6yBwa2LS2/1BA7fwJctHg=',NULL,0,'demo_customer_90','Demo Customer 90','','demo_customer_90@mygym.local',0,1,'2026-06-19 18:19:40.476548','CUSTOMER',''),(149,'pbkdf2_sha256$1000000$QkxDt9yqjqh9kJclhzbYUa$0KjRtZk16oxMGlcPOrYQ0dYN2cjellgWsNd6d1rCq4k=',NULL,0,'demo_customer_91','Demo Customer 91','','demo_customer_91@mygym.local',0,1,'2026-06-19 18:19:41.134602','CUSTOMER',''),(150,'pbkdf2_sha256$1000000$X9pJCDgsOIIQucfke5iNmj$LikpGMikIXfEj7rEKsyC8hgqeKq9gXN/thnc7YXWw5k=',NULL,0,'demo_customer_92','Demo Customer 92','','demo_customer_92@mygym.local',0,1,'2026-06-19 18:19:41.788059','CUSTOMER',''),(151,'pbkdf2_sha256$1000000$PCogBrdOcqfxKgq07MpEN4$kiSkabBJ2plSncnhXbmFA5QaXpGDx+VfRbFRSXtMEoM=',NULL,0,'demo_customer_93','Demo Customer 93','','demo_customer_93@mygym.local',0,1,'2026-06-19 18:19:42.448318','CUSTOMER',''),(152,'pbkdf2_sha256$1000000$DTEalQBTzDe2YzWw8kHM21$lvuwo8HSWiApKjLQOl8mhFnNQa8+mwd7EUdko0JkutM=',NULL,0,'demo_customer_94','Demo Customer 94','','demo_customer_94@mygym.local',0,1,'2026-06-19 18:19:43.146041','CUSTOMER',''),(153,'pbkdf2_sha256$1000000$FTadvgDnz2ZJRAqDEwjaVV$8JL+kL33XEMQaisSO2mvCnq6wrZhLbPszCWXOCSJpfA=',NULL,0,'demo_customer_95','Demo Customer 95','','demo_customer_95@mygym.local',0,1,'2026-06-19 18:19:43.837573','CUSTOMER',''),(154,'pbkdf2_sha256$1000000$GePxUYU6u6XSnndlpsQmAb$TiVcfUi0EYHU86QvPGhkWD83wJa9AkgxZEC9y2oucMw=',NULL,0,'demo_customer_96','Demo Customer 96','','demo_customer_96@mygym.local',0,1,'2026-06-19 18:19:44.522203','CUSTOMER',''),(155,'pbkdf2_sha256$1000000$F847vwwgMN0da9mE0hAd2L$EwtnQH2vuNb/FXa6KMDiQdX65NaibWkNx4SqOmkFCZQ=',NULL,0,'demo_customer_97','Demo Customer 97','','demo_customer_97@mygym.local',0,1,'2026-06-19 18:19:45.191987','CUSTOMER',''),(156,'pbkdf2_sha256$1000000$B2RRwnnoEIqBlbGVGkLJc7$dD4gviV8Xn9wSvvU9R2a7YciTJm/tuD/E27jiU4yuDo=',NULL,0,'demo_customer_98','Demo Customer 98','','demo_customer_98@mygym.local',0,1,'2026-06-19 18:19:45.879860','CUSTOMER',''),(157,'pbkdf2_sha256$1000000$988OpgHI4MhxMb1dUIqTDq$IIFDJ9pXdR/LZZHehOGD3UNIF2SQ4L2SfWCg5sFifvo=',NULL,0,'demo_customer_99','Demo Customer 99','','demo_customer_99@mygym.local',0,1,'2026-06-19 18:19:46.552145','CUSTOMER','');
/*!40000 ALTER TABLE `accounts_user` ENABLE KEYS */;
UNLOCK TABLES;

--
-- Table structure for table `accounts_user_groups`
--

DROP TABLE IF EXISTS `accounts_user_groups`;
/*!40101 SET @saved_cs_client     = @@character_set_client */;
/*!50503 SET character_set_client = utf8mb4 */;
CREATE TABLE `accounts_user_groups` (
  `id` bigint NOT NULL AUTO_INCREMENT,
  `user_id` bigint NOT NULL,
  `group_id` int NOT NULL,
  PRIMARY KEY (`id`),
  UNIQUE KEY `accounts_user_groups_user_id_group_id_59c0b32f_uniq` (`user_id`,`group_id`),
  KEY `accounts_user_groups_group_id_bd11a704_fk_auth_group_id` (`group_id`),
  CONSTRAINT `accounts_user_groups_group_id_bd11a704_fk_auth_group_id` FOREIGN KEY (`group_id`) REFERENCES `auth_group` (`id`),
  CONSTRAINT `accounts_user_groups_user_id_52b62117_fk_accounts_user_id` FOREIGN KEY (`user_id`) REFERENCES `accounts_user` (`id`)
) ENGINE=InnoDB DEFAULT CHARSET=utf8mb4 COLLATE=utf8mb4_unicode_ci;
/*!40101 SET character_set_client = @saved_cs_client */;

--
-- Dumping data for table `accounts_user_groups`
--

LOCK TABLES `accounts_user_groups` WRITE;
/*!40000 ALTER TABLE `accounts_user_groups` DISABLE KEYS */;
/*!40000 ALTER TABLE `accounts_user_groups` ENABLE KEYS */;
UNLOCK TABLES;

--
-- Table structure for table `accounts_user_user_permissions`
--

DROP TABLE IF EXISTS `accounts_user_user_permissions`;
/*!40101 SET @saved_cs_client     = @@character_set_client */;
/*!50503 SET character_set_client = utf8mb4 */;
CREATE TABLE `accounts_user_user_permissions` (
  `id` bigint NOT NULL AUTO_INCREMENT,
  `user_id` bigint NOT NULL,
  `permission_id` int NOT NULL,
  PRIMARY KEY (`id`),
  UNIQUE KEY `accounts_user_user_permi_user_id_permission_id_2ab516c2_uniq` (`user_id`,`permission_id`),
  KEY `accounts_user_user_p_permission_id_113bb443_fk_auth_perm` (`permission_id`),
  CONSTRAINT `accounts_user_user_p_permission_id_113bb443_fk_auth_perm` FOREIGN KEY (`permission_id`) REFERENCES `auth_permission` (`id`),
  CONSTRAINT `accounts_user_user_p_user_id_e4f0a161_fk_accounts_` FOREIGN KEY (`user_id`) REFERENCES `accounts_user` (`id`)
) ENGINE=InnoDB DEFAULT CHARSET=utf8mb4 COLLATE=utf8mb4_unicode_ci;
/*!40101 SET character_set_client = @saved_cs_client */;

--
-- Dumping data for table `accounts_user_user_permissions`
--

LOCK TABLES `accounts_user_user_permissions` WRITE;
/*!40000 ALTER TABLE `accounts_user_user_permissions` DISABLE KEYS */;
/*!40000 ALTER TABLE `accounts_user_user_permissions` ENABLE KEYS */;
UNLOCK TABLES;

--
-- Table structure for table `analytics_gymview`
--

DROP TABLE IF EXISTS `analytics_gymview`;
/*!40101 SET @saved_cs_client     = @@character_set_client */;
/*!50503 SET character_set_client = utf8mb4 */;
CREATE TABLE `analytics_gymview` (
  `id` bigint NOT NULL AUTO_INCREMENT,
  `session_key` varchar(80) COLLATE utf8mb4_unicode_ci NOT NULL,
  `ip_address` char(39) COLLATE utf8mb4_unicode_ci DEFAULT NULL,
  `created_at` datetime(6) NOT NULL,
  `gym_id` bigint NOT NULL,
  `user_id` bigint DEFAULT NULL,
  PRIMARY KEY (`id`),
  KEY `analytics_gymview_gym_id_aafaa870_fk_gyms_gym_id` (`gym_id`),
  KEY `analytics_gymview_user_id_1a7681a4_fk_accounts_user_id` (`user_id`),
  CONSTRAINT `analytics_gymview_gym_id_aafaa870_fk_gyms_gym_id` FOREIGN KEY (`gym_id`) REFERENCES `gyms_gym` (`id`),
  CONSTRAINT `analytics_gymview_user_id_1a7681a4_fk_accounts_user_id` FOREIGN KEY (`user_id`) REFERENCES `accounts_user` (`id`)
) ENGINE=InnoDB AUTO_INCREMENT=9 DEFAULT CHARSET=utf8mb4 COLLATE=utf8mb4_unicode_ci;
/*!40101 SET character_set_client = @saved_cs_client */;

--
-- Dumping data for table `analytics_gymview`
--

LOCK TABLES `analytics_gymview` WRITE;
/*!40000 ALTER TABLE `analytics_gymview` DISABLE KEYS */;
INSERT INTO `analytics_gymview` VALUES (1,'dj7tp7kkfualmifumd14poa0vmhfe8x7','127.0.0.1','2026-06-23 16:23:37.610651',30,1),(2,'dj7tp7kkfualmifumd14poa0vmhfe8x7','127.0.0.1','2026-06-23 16:24:13.933985',30,1),(3,'dj7tp7kkfualmifumd14poa0vmhfe8x7','127.0.0.1','2026-06-23 16:30:49.020774',30,1),(4,'o97e4vfe2kivub4bz31nd08ro8qwljvd','192.168.100.227','2026-06-23 16:35:18.105900',30,1),(5,'o97e4vfe2kivub4bz31nd08ro8qwljvd','192.168.100.227','2026-06-23 16:35:30.572127',30,1),(6,'o97e4vfe2kivub4bz31nd08ro8qwljvd','192.168.100.227','2026-06-26 16:59:22.065705',30,1),(7,'o97e4vfe2kivub4bz31nd08ro8qwljvd','192.168.100.227','2026-06-26 17:00:21.910334',29,1),(8,'o97e4vfe2kivub4bz31nd08ro8qwljvd','192.168.100.227','2026-06-26 17:00:33.634023',29,1);
/*!40000 ALTER TABLE `analytics_gymview` ENABLE KEYS */;
UNLOCK TABLES;

--
-- Table structure for table `analytics_searchlog`
--

DROP TABLE IF EXISTS `analytics_searchlog`;
/*!40101 SET @saved_cs_client     = @@character_set_client */;
/*!50503 SET character_set_client = utf8mb4 */;
CREATE TABLE `analytics_searchlog` (
  `id` bigint NOT NULL AUTO_INCREMENT,
  `query` varchar(255) COLLATE utf8mb4_unicode_ci NOT NULL,
  `city` varchar(100) COLLATE utf8mb4_unicode_ci NOT NULL,
  `created_at` datetime(6) NOT NULL,
  `user_id` bigint DEFAULT NULL,
  PRIMARY KEY (`id`),
  KEY `analytics_searchlog_user_id_094743fc_fk_accounts_user_id` (`user_id`),
  CONSTRAINT `analytics_searchlog_user_id_094743fc_fk_accounts_user_id` FOREIGN KEY (`user_id`) REFERENCES `accounts_user` (`id`)
) ENGINE=InnoDB DEFAULT CHARSET=utf8mb4 COLLATE=utf8mb4_unicode_ci;
/*!40101 SET character_set_client = @saved_cs_client */;

--
-- Dumping data for table `analytics_searchlog`
--

LOCK TABLES `analytics_searchlog` WRITE;
/*!40000 ALTER TABLE `analytics_searchlog` DISABLE KEYS */;
/*!40000 ALTER TABLE `analytics_searchlog` ENABLE KEYS */;
UNLOCK TABLES;

--
-- Table structure for table `auth_group`
--

DROP TABLE IF EXISTS `auth_group`;
/*!40101 SET @saved_cs_client     = @@character_set_client */;
/*!50503 SET character_set_client = utf8mb4 */;
CREATE TABLE `auth_group` (
  `id` int NOT NULL AUTO_INCREMENT,
  `name` varchar(150) COLLATE utf8mb4_unicode_ci NOT NULL,
  PRIMARY KEY (`id`),
  UNIQUE KEY `name` (`name`)
) ENGINE=InnoDB DEFAULT CHARSET=utf8mb4 COLLATE=utf8mb4_unicode_ci;
/*!40101 SET character_set_client = @saved_cs_client */;

--
-- Dumping data for table `auth_group`
--

LOCK TABLES `auth_group` WRITE;
/*!40000 ALTER TABLE `auth_group` DISABLE KEYS */;
/*!40000 ALTER TABLE `auth_group` ENABLE KEYS */;
UNLOCK TABLES;

--
-- Table structure for table `auth_group_permissions`
--

DROP TABLE IF EXISTS `auth_group_permissions`;
/*!40101 SET @saved_cs_client     = @@character_set_client */;
/*!50503 SET character_set_client = utf8mb4 */;
CREATE TABLE `auth_group_permissions` (
  `id` bigint NOT NULL AUTO_INCREMENT,
  `group_id` int NOT NULL,
  `permission_id` int NOT NULL,
  PRIMARY KEY (`id`),
  UNIQUE KEY `auth_group_permissions_group_id_permission_id_0cd325b0_uniq` (`group_id`,`permission_id`),
  KEY `auth_group_permissio_permission_id_84c5c92e_fk_auth_perm` (`permission_id`),
  CONSTRAINT `auth_group_permissio_permission_id_84c5c92e_fk_auth_perm` FOREIGN KEY (`permission_id`) REFERENCES `auth_permission` (`id`),
  CONSTRAINT `auth_group_permissions_group_id_b120cbf9_fk_auth_group_id` FOREIGN KEY (`group_id`) REFERENCES `auth_group` (`id`)
) ENGINE=InnoDB DEFAULT CHARSET=utf8mb4 COLLATE=utf8mb4_unicode_ci;
/*!40101 SET character_set_client = @saved_cs_client */;

--
-- Dumping data for table `auth_group_permissions`
--

LOCK TABLES `auth_group_permissions` WRITE;
/*!40000 ALTER TABLE `auth_group_permissions` DISABLE KEYS */;
/*!40000 ALTER TABLE `auth_group_permissions` ENABLE KEYS */;
UNLOCK TABLES;

--
-- Table structure for table `auth_permission`
--

DROP TABLE IF EXISTS `auth_permission`;
/*!40101 SET @saved_cs_client     = @@character_set_client */;
/*!50503 SET character_set_client = utf8mb4 */;
CREATE TABLE `auth_permission` (
  `id` int NOT NULL AUTO_INCREMENT,
  `name` varchar(255) COLLATE utf8mb4_unicode_ci NOT NULL,
  `content_type_id` int NOT NULL,
  `codename` varchar(100) COLLATE utf8mb4_unicode_ci NOT NULL,
  PRIMARY KEY (`id`),
  UNIQUE KEY `auth_permission_content_type_id_codename_01ab375a_uniq` (`content_type_id`,`codename`),
  CONSTRAINT `auth_permission_content_type_id_2f476e4b_fk_django_co` FOREIGN KEY (`content_type_id`) REFERENCES `django_content_type` (`id`)
) ENGINE=InnoDB AUTO_INCREMENT=89 DEFAULT CHARSET=utf8mb4 COLLATE=utf8mb4_unicode_ci;
/*!40101 SET character_set_client = @saved_cs_client */;

--
-- Dumping data for table `auth_permission`
--

LOCK TABLES `auth_permission` WRITE;
/*!40000 ALTER TABLE `auth_permission` DISABLE KEYS */;
INSERT INTO `auth_permission` VALUES (1,'Can add log entry',1,'add_logentry'),(2,'Can change log entry',1,'change_logentry'),(3,'Can delete log entry',1,'delete_logentry'),(4,'Can view log entry',1,'view_logentry'),(5,'Can add permission',2,'add_permission'),(6,'Can change permission',2,'change_permission'),(7,'Can delete permission',2,'delete_permission'),(8,'Can view permission',2,'view_permission'),(9,'Can add group',3,'add_group'),(10,'Can change group',3,'change_group'),(11,'Can delete group',3,'delete_group'),(12,'Can view group',3,'view_group'),(13,'Can add content type',4,'add_contenttype'),(14,'Can change content type',4,'change_contenttype'),(15,'Can delete content type',4,'delete_contenttype'),(16,'Can view content type',4,'view_contenttype'),(17,'Can add session',5,'add_session'),(18,'Can change session',5,'change_session'),(19,'Can delete session',5,'delete_session'),(20,'Can view session',5,'view_session'),(21,'Can add user',6,'add_user'),(22,'Can change user',6,'change_user'),(23,'Can delete user',6,'delete_user'),(24,'Can view user',6,'view_user'),(25,'Can add facility',7,'add_facility'),(26,'Can change facility',7,'change_facility'),(27,'Can delete facility',7,'delete_facility'),(28,'Can view facility',7,'view_facility'),(29,'Can add gym',8,'add_gym'),(30,'Can change gym',8,'change_gym'),(31,'Can delete gym',8,'delete_gym'),(32,'Can view gym',8,'view_gym'),(33,'Can add gym image',9,'add_gymimage'),(34,'Can change gym image',9,'change_gymimage'),(35,'Can delete gym image',9,'delete_gymimage'),(36,'Can view gym image',9,'view_gymimage'),(37,'Can add membership plan',10,'add_membershipplan'),(38,'Can change membership plan',10,'change_membershipplan'),(39,'Can delete membership plan',10,'delete_membershipplan'),(40,'Can view membership plan',10,'view_membershipplan'),(41,'Can add trainer profile',11,'add_trainerprofile'),(42,'Can change trainer profile',11,'change_trainerprofile'),(43,'Can delete trainer profile',11,'delete_trainerprofile'),(44,'Can view trainer profile',11,'view_trainerprofile'),(45,'Can add import batch',12,'add_importbatch'),(46,'Can change import batch',12,'change_importbatch'),(47,'Can delete import batch',12,'delete_importbatch'),(48,'Can view import batch',12,'view_importbatch'),(49,'Can add booking',13,'add_booking'),(50,'Can change booking',13,'change_booking'),(51,'Can delete booking',13,'delete_booking'),(52,'Can view booking',13,'view_booking'),(53,'Can add favorite',14,'add_favorite'),(54,'Can change favorite',14,'change_favorite'),(55,'Can delete favorite',14,'delete_favorite'),(56,'Can view favorite',14,'view_favorite'),(57,'Can add review',15,'add_review'),(58,'Can change review',15,'change_review'),(59,'Can delete review',15,'delete_review'),(60,'Can view review',15,'view_review'),(61,'Can add gym view',16,'add_gymview'),(62,'Can change gym view',16,'change_gymview'),(63,'Can delete gym view',16,'delete_gymview'),(64,'Can view gym view',16,'view_gymview'),(65,'Can add search log',17,'add_searchlog'),(66,'Can change search log',17,'change_searchlog'),(67,'Can delete search log',17,'delete_searchlog'),(68,'Can view search log',17,'view_searchlog'),(69,'Can add notification',18,'add_notification'),(70,'Can change notification',18,'change_notification'),(71,'Can delete notification',18,'delete_notification'),(72,'Can view notification',18,'view_notification'),(73,'Can add system log',19,'add_systemlog'),(74,'Can change system log',19,'change_systemlog'),(75,'Can delete system log',19,'delete_systemlog'),(76,'Can view system log',19,'view_systemlog'),(77,'Can add gym subscription',20,'add_gymsubscription'),(78,'Can change gym subscription',20,'change_gymsubscription'),(79,'Can delete gym subscription',20,'delete_gymsubscription'),(80,'Can view gym subscription',20,'view_gymsubscription'),(81,'Can add session',21,'add_session'),(82,'Can change session',21,'change_session'),(83,'Can delete session',21,'delete_session'),(84,'Can view session',21,'view_session'),(85,'Can add gym check in',22,'add_gymcheckin'),(86,'Can change gym check in',22,'change_gymcheckin'),(87,'Can delete gym check in',22,'delete_gymcheckin'),(88,'Can view gym check in',22,'view_gymcheckin');
/*!40000 ALTER TABLE `auth_permission` ENABLE KEYS */;
UNLOCK TABLES;

--
-- Table structure for table `bookings_booking`
--

DROP TABLE IF EXISTS `bookings_booking`;
/*!40101 SET @saved_cs_client     = @@character_set_client */;
/*!50503 SET character_set_client = utf8mb4 */;
CREATE TABLE `bookings_booking` (
  `id` bigint NOT NULL AUTO_INCREMENT,
  `booking_datetime` datetime(6) NOT NULL,
  `status` varchar(20) COLLATE utf8mb4_unicode_ci NOT NULL,
  `customer_note` longtext COLLATE utf8mb4_unicode_ci NOT NULL,
  `payment_status` varchar(30) COLLATE utf8mb4_unicode_ci NOT NULL,
  `payment_provider` varchar(40) COLLATE utf8mb4_unicode_ci NOT NULL,
  `payment_reference` varchar(120) COLLATE utf8mb4_unicode_ci NOT NULL,
  `created_at` datetime(6) NOT NULL,
  `customer_id` bigint NOT NULL,
  `gym_id` bigint NOT NULL,
  `plan_id` bigint DEFAULT NULL,
  `trainer_id` bigint DEFAULT NULL,
  PRIMARY KEY (`id`),
  UNIQUE KEY `unique_customer_gym_booking_time` (`customer_id`,`gym_id`,`booking_datetime`),
  KEY `bookings_booking_gym_id_15f4f61b_fk_gyms_gym_id` (`gym_id`),
  KEY `bookings_booking_plan_id_7ef66858_fk_gyms_membershipplan_id` (`plan_id`),
  KEY `bookings_booking_trainer_id_541ca05b_fk_gyms_trainerprofile_id` (`trainer_id`),
  CONSTRAINT `bookings_booking_customer_id_6b4bdaa9_fk_accounts_user_id` FOREIGN KEY (`customer_id`) REFERENCES `accounts_user` (`id`),
  CONSTRAINT `bookings_booking_gym_id_15f4f61b_fk_gyms_gym_id` FOREIGN KEY (`gym_id`) REFERENCES `gyms_gym` (`id`),
  CONSTRAINT `bookings_booking_plan_id_7ef66858_fk_gyms_membershipplan_id` FOREIGN KEY (`plan_id`) REFERENCES `gyms_membershipplan` (`id`),
  CONSTRAINT `bookings_booking_trainer_id_541ca05b_fk_gyms_trainerprofile_id` FOREIGN KEY (`trainer_id`) REFERENCES `gyms_trainerprofile` (`id`)
) ENGINE=InnoDB AUTO_INCREMENT=4 DEFAULT CHARSET=utf8mb4 COLLATE=utf8mb4_unicode_ci;
/*!40101 SET character_set_client = @saved_cs_client */;

--
-- Dumping data for table `bookings_booking`
--

LOCK TABLES `bookings_booking` WRITE;
/*!40000 ALTER TABLE `bookings_booking` DISABLE KEYS */;
INSERT INTO `bookings_booking` VALUES (1,'2026-06-23 18:54:00.000000','CONFIRMED','hi','NOT_REQUIRED','','','2026-06-23 16:24:13.730517',1,30,NULL,NULL),(2,'2026-06-23 18:05:00.000000','CONFIRMED','Hi','NOT_REQUIRED','','','2026-06-23 16:35:30.521397',1,30,60,NULL),(3,'2026-06-26 18:31:00.000000','CONFIRMED','Hi','NOT_REQUIRED','','','2026-06-26 17:00:30.845823',1,29,58,NULL);
/*!40000 ALTER TABLE `bookings_booking` ENABLE KEYS */;
UNLOCK TABLES;

--
-- Table structure for table `bookings_gymcheckin`
--

DROP TABLE IF EXISTS `bookings_gymcheckin`;
/*!40101 SET @saved_cs_client     = @@character_set_client */;
/*!50503 SET character_set_client = utf8mb4 */;
CREATE TABLE `bookings_gymcheckin` (
  `id` bigint NOT NULL AUTO_INCREMENT,
  `checkin_type` varchar(20) COLLATE utf8mb4_unicode_ci NOT NULL,
  `checked_in_at` datetime(6) NOT NULL,
  `notes` varchar(255) COLLATE utf8mb4_unicode_ci NOT NULL,
  `customer_id` bigint NOT NULL,
  `gym_id` bigint NOT NULL,
  `subscription_id` bigint DEFAULT NULL,
  `session_id` bigint DEFAULT NULL,
  PRIMARY KEY (`id`),
  KEY `bookings_gymcheckin_customer_id_cb56c709_fk_accounts_user_id` (`customer_id`),
  KEY `bookings_gymcheckin_gym_id_14d32890_fk_gyms_gym_id` (`gym_id`),
  KEY `bookings_gymcheckin_subscription_id_dcc2bd1c_fk_bookings_` (`subscription_id`),
  KEY `bookings_gymcheckin_session_id_973b862a_fk_bookings_session_id` (`session_id`),
  CONSTRAINT `bookings_gymcheckin_customer_id_cb56c709_fk_accounts_user_id` FOREIGN KEY (`customer_id`) REFERENCES `accounts_user` (`id`),
  CONSTRAINT `bookings_gymcheckin_gym_id_14d32890_fk_gyms_gym_id` FOREIGN KEY (`gym_id`) REFERENCES `gyms_gym` (`id`),
  CONSTRAINT `bookings_gymcheckin_session_id_973b862a_fk_bookings_session_id` FOREIGN KEY (`session_id`) REFERENCES `bookings_session` (`id`),
  CONSTRAINT `bookings_gymcheckin_subscription_id_dcc2bd1c_fk_bookings_` FOREIGN KEY (`subscription_id`) REFERENCES `bookings_gymsubscription` (`id`)
) ENGINE=InnoDB AUTO_INCREMENT=5 DEFAULT CHARSET=utf8mb4 COLLATE=utf8mb4_unicode_ci;
/*!40101 SET character_set_client = @saved_cs_client */;

--
-- Dumping data for table `bookings_gymcheckin`
--

LOCK TABLES `bookings_gymcheckin` WRITE;
/*!40000 ALTER TABLE `bookings_gymcheckin` DISABLE KEYS */;
INSERT INTO `bookings_gymcheckin` VALUES (1,'SESSION','2026-06-23 16:35:07.808479','',1,30,NULL,1),(2,'SESSION','2026-06-23 16:36:40.515711','',1,30,NULL,2),(3,'MEMBERSHIP','2026-06-26 16:54:17.738888','',1,30,1,NULL),(4,'MEMBERSHIP','2026-06-26 17:01:19.428790','',1,29,2,NULL);
/*!40000 ALTER TABLE `bookings_gymcheckin` ENABLE KEYS */;
UNLOCK TABLES;

--
-- Table structure for table `bookings_gymsubscription`
--

DROP TABLE IF EXISTS `bookings_gymsubscription`;
/*!40101 SET @saved_cs_client     = @@character_set_client */;
/*!50503 SET character_set_client = utf8mb4 */;
CREATE TABLE `bookings_gymsubscription` (
  `id` bigint NOT NULL AUTO_INCREMENT,
  `status` varchar(30) COLLATE utf8mb4_unicode_ci NOT NULL,
  `start_date` date NOT NULL,
  `end_date` date NOT NULL,
  `current_qr_token` char(32) COLLATE utf8mb4_unicode_ci NOT NULL,
  `qr_generated_at` datetime(6) NOT NULL,
  `created_at` datetime(6) NOT NULL,
  `updated_at` datetime(6) NOT NULL,
  `customer_id` bigint NOT NULL,
  `gym_id` bigint NOT NULL,
  `plan_id` bigint DEFAULT NULL,
  `source_booking_id` bigint DEFAULT NULL,
  PRIMARY KEY (`id`),
  UNIQUE KEY `current_qr_token` (`current_qr_token`),
  UNIQUE KEY `source_booking_id` (`source_booking_id`),
  KEY `bookings_gymsubscrip_customer_id_1755e89f_fk_accounts_` (`customer_id`),
  KEY `bookings_gymsubscription_gym_id_61beb70e_fk_gyms_gym_id` (`gym_id`),
  KEY `bookings_gymsubscrip_plan_id_cb44fdb2_fk_gyms_memb` (`plan_id`),
  CONSTRAINT `bookings_gymsubscrip_customer_id_1755e89f_fk_accounts_` FOREIGN KEY (`customer_id`) REFERENCES `accounts_user` (`id`),
  CONSTRAINT `bookings_gymsubscrip_plan_id_cb44fdb2_fk_gyms_memb` FOREIGN KEY (`plan_id`) REFERENCES `gyms_membershipplan` (`id`),
  CONSTRAINT `bookings_gymsubscrip_source_booking_id_484ad2bb_fk_bookings_` FOREIGN KEY (`source_booking_id`) REFERENCES `bookings_booking` (`id`),
  CONSTRAINT `bookings_gymsubscription_gym_id_61beb70e_fk_gyms_gym_id` FOREIGN KEY (`gym_id`) REFERENCES `gyms_gym` (`id`)
) ENGINE=InnoDB AUTO_INCREMENT=3 DEFAULT CHARSET=utf8mb4 COLLATE=utf8mb4_unicode_ci;
/*!40101 SET character_set_client = @saved_cs_client */;

--
-- Dumping data for table `bookings_gymsubscription`
--

LOCK TABLES `bookings_gymsubscription` WRITE;
/*!40000 ALTER TABLE `bookings_gymsubscription` DISABLE KEYS */;
INSERT INTO `bookings_gymsubscription` VALUES (1,'ACTIVE','2026-06-23','2026-07-23','61e966f4adcb4c269b4e98a12cb38297','2026-06-26 16:53:41.019718','2026-06-23 16:35:45.617529','2026-06-26 16:53:41.019776',1,30,60,2),(2,'ACTIVE','2026-06-26','2026-07-26','9e7a3121880c490eb9f686f5a42de77f','2026-06-26 17:00:58.826032','2026-06-26 17:00:58.824952','2026-06-26 17:00:58.826111',1,29,58,3);
/*!40000 ALTER TABLE `bookings_gymsubscription` ENABLE KEYS */;
UNLOCK TABLES;

--
-- Table structure for table `bookings_session`
--

DROP TABLE IF EXISTS `bookings_session`;
/*!40101 SET @saved_cs_client     = @@character_set_client */;
/*!50503 SET character_set_client = utf8mb4 */;
CREATE TABLE `bookings_session` (
  `id` bigint NOT NULL AUTO_INCREMENT,
  `start_time` datetime(6) NOT NULL,
  `end_time` datetime(6) DEFAULT NULL,
  `status` varchar(30) COLLATE utf8mb4_unicode_ci NOT NULL,
  `qr_token` char(32) COLLATE utf8mb4_unicode_ci NOT NULL,
  `qr_used_at` datetime(6) DEFAULT NULL,
  `checked_in_at` datetime(6) DEFAULT NULL,
  `cancelled_at` datetime(6) DEFAULT NULL,
  `cancel_reason` longtext COLLATE utf8mb4_unicode_ci NOT NULL,
  `created_at` datetime(6) NOT NULL,
  `updated_at` datetime(6) NOT NULL,
  `booking_id` bigint NOT NULL,
  `customer_id` bigint NOT NULL,
  `gym_id` bigint NOT NULL,
  PRIMARY KEY (`id`),
  UNIQUE KEY `qr_token` (`qr_token`),
  UNIQUE KEY `booking_id` (`booking_id`),
  KEY `bookings_session_customer_id_b94850ec_fk_accounts_user_id` (`customer_id`),
  KEY `bookings_session_gym_id_26361fb4_fk_gyms_gym_id` (`gym_id`),
  CONSTRAINT `bookings_session_booking_id_5661cd7a_fk_bookings_booking_id` FOREIGN KEY (`booking_id`) REFERENCES `bookings_booking` (`id`),
  CONSTRAINT `bookings_session_customer_id_b94850ec_fk_accounts_user_id` FOREIGN KEY (`customer_id`) REFERENCES `accounts_user` (`id`),
  CONSTRAINT `bookings_session_gym_id_26361fb4_fk_gyms_gym_id` FOREIGN KEY (`gym_id`) REFERENCES `gyms_gym` (`id`)
) ENGINE=InnoDB AUTO_INCREMENT=4 DEFAULT CHARSET=utf8mb4 COLLATE=utf8mb4_unicode_ci;
/*!40101 SET character_set_client = @saved_cs_client */;

--
-- Dumping data for table `bookings_session`
--

LOCK TABLES `bookings_session` WRITE;
/*!40000 ALTER TABLE `bookings_session` DISABLE KEYS */;
INSERT INTO `bookings_session` VALUES (1,'2026-06-23 18:54:00.000000','2026-06-23 19:54:00.000000','CHECKED_IN','c388b7fed7b64db0a2ec4468396bfc77','2026-06-23 16:35:07.804827','2026-06-23 16:35:07.804827',NULL,'','2026-06-23 16:32:54.036944','2026-06-23 16:35:07.804917',1,1,30),(2,'2026-06-23 18:05:00.000000','2026-06-23 19:05:00.000000','CHECKED_IN','b28d1f407606466fb7adaad690848675','2026-06-23 16:36:40.512431','2026-06-23 16:36:40.512431',NULL,'','2026-06-23 16:35:45.615920','2026-06-23 16:36:40.512497',2,1,30),(3,'2026-06-26 18:31:00.000000','2026-06-26 19:31:00.000000','UPCOMING','0bbbf0e2fc714a1c9f24eeb0ef56440b',NULL,NULL,NULL,'','2026-06-26 17:00:58.822654','2026-06-26 17:00:58.822662',3,1,29);
/*!40000 ALTER TABLE `bookings_session` ENABLE KEYS */;
UNLOCK TABLES;

--
-- Table structure for table `django_admin_log`
--

DROP TABLE IF EXISTS `django_admin_log`;
/*!40101 SET @saved_cs_client     = @@character_set_client */;
/*!50503 SET character_set_client = utf8mb4 */;
CREATE TABLE `django_admin_log` (
  `id` int NOT NULL AUTO_INCREMENT,
  `action_time` datetime(6) NOT NULL,
  `object_id` longtext COLLATE utf8mb4_unicode_ci,
  `object_repr` varchar(200) COLLATE utf8mb4_unicode_ci NOT NULL,
  `action_flag` smallint unsigned NOT NULL,
  `change_message` longtext COLLATE utf8mb4_unicode_ci NOT NULL,
  `content_type_id` int DEFAULT NULL,
  `user_id` bigint NOT NULL,
  PRIMARY KEY (`id`),
  KEY `django_admin_log_content_type_id_c4bce8eb_fk_django_co` (`content_type_id`),
  KEY `django_admin_log_user_id_c564eba6_fk_accounts_user_id` (`user_id`),
  CONSTRAINT `django_admin_log_content_type_id_c4bce8eb_fk_django_co` FOREIGN KEY (`content_type_id`) REFERENCES `django_content_type` (`id`),
  CONSTRAINT `django_admin_log_user_id_c564eba6_fk_accounts_user_id` FOREIGN KEY (`user_id`) REFERENCES `accounts_user` (`id`),
  CONSTRAINT `django_admin_log_chk_1` CHECK ((`action_flag` >= 0))
) ENGINE=InnoDB AUTO_INCREMENT=4 DEFAULT CHARSET=utf8mb4 COLLATE=utf8mb4_unicode_ci;
/*!40101 SET character_set_client = @saved_cs_client */;

--
-- Dumping data for table `django_admin_log`
--

LOCK TABLES `django_admin_log` WRITE;
/*!40000 ALTER TABLE `django_admin_log` DISABLE KEYS */;
INSERT INTO `django_admin_log` VALUES (1,'2026-06-19 18:22:00.995984','2','system_import_owner',2,'[{\"changed\": {\"fields\": [\"password\"]}}]',6,1),(2,'2026-06-19 18:22:59.020112','2','system_import_owner',2,'[{\"changed\": {\"fields\": [\"password\"]}}]',6,1),(3,'2026-06-19 18:23:02.532126','2','system_import_owner',2,'[]',6,1);
/*!40000 ALTER TABLE `django_admin_log` ENABLE KEYS */;
UNLOCK TABLES;

--
-- Table structure for table `django_content_type`
--

DROP TABLE IF EXISTS `django_content_type`;
/*!40101 SET @saved_cs_client     = @@character_set_client */;
/*!50503 SET character_set_client = utf8mb4 */;
CREATE TABLE `django_content_type` (
  `id` int NOT NULL AUTO_INCREMENT,
  `app_label` varchar(100) COLLATE utf8mb4_unicode_ci NOT NULL,
  `model` varchar(100) COLLATE utf8mb4_unicode_ci NOT NULL,
  PRIMARY KEY (`id`),
  UNIQUE KEY `django_content_type_app_label_model_76bd3d3b_uniq` (`app_label`,`model`)
) ENGINE=InnoDB AUTO_INCREMENT=23 DEFAULT CHARSET=utf8mb4 COLLATE=utf8mb4_unicode_ci;
/*!40101 SET character_set_client = @saved_cs_client */;

--
-- Dumping data for table `django_content_type`
--

LOCK TABLES `django_content_type` WRITE;
/*!40000 ALTER TABLE `django_content_type` DISABLE KEYS */;
INSERT INTO `django_content_type` VALUES (6,'accounts','user'),(1,'admin','logentry'),(16,'analytics','gymview'),(17,'analytics','searchlog'),(3,'auth','group'),(2,'auth','permission'),(13,'bookings','booking'),(22,'bookings','gymcheckin'),(20,'bookings','gymsubscription'),(21,'bookings','session'),(4,'contenttypes','contenttype'),(7,'gyms','facility'),(8,'gyms','gym'),(9,'gyms','gymimage'),(12,'gyms','importbatch'),(10,'gyms','membershipplan'),(11,'gyms','trainerprofile'),(18,'notifications','notification'),(14,'reviews','favorite'),(15,'reviews','review'),(5,'sessions','session'),(19,'systemlogs','systemlog');
/*!40000 ALTER TABLE `django_content_type` ENABLE KEYS */;
UNLOCK TABLES;

--
-- Table structure for table `django_migrations`
--

DROP TABLE IF EXISTS `django_migrations`;
/*!40101 SET @saved_cs_client     = @@character_set_client */;
/*!50503 SET character_set_client = utf8mb4 */;
CREATE TABLE `django_migrations` (
  `id` bigint NOT NULL AUTO_INCREMENT,
  `app` varchar(255) COLLATE utf8mb4_unicode_ci NOT NULL,
  `name` varchar(255) COLLATE utf8mb4_unicode_ci NOT NULL,
  `applied` datetime(6) NOT NULL,
  PRIMARY KEY (`id`)
) ENGINE=InnoDB AUTO_INCREMENT=34 DEFAULT CHARSET=utf8mb4 COLLATE=utf8mb4_unicode_ci;
/*!40101 SET character_set_client = @saved_cs_client */;

--
-- Dumping data for table `django_migrations`
--

LOCK TABLES `django_migrations` WRITE;
/*!40000 ALTER TABLE `django_migrations` DISABLE KEYS */;
INSERT INTO `django_migrations` VALUES (1,'contenttypes','0001_initial','2026-06-19 18:06:22.062701'),(2,'contenttypes','0002_remove_content_type_name','2026-06-19 18:06:22.145217'),(3,'auth','0001_initial','2026-06-19 18:06:22.392619'),(4,'auth','0002_alter_permission_name_max_length','2026-06-19 18:06:22.442074'),(5,'auth','0003_alter_user_email_max_length','2026-06-19 18:06:22.446610'),(6,'auth','0004_alter_user_username_opts','2026-06-19 18:06:22.451400'),(7,'auth','0005_alter_user_last_login_null','2026-06-19 18:06:22.462102'),(8,'auth','0006_require_contenttypes_0002','2026-06-19 18:06:22.464310'),(9,'auth','0007_alter_validators_add_error_messages','2026-06-19 18:06:22.468737'),(10,'auth','0008_alter_user_username_max_length','2026-06-19 18:06:22.473891'),(11,'auth','0009_alter_user_last_name_max_length','2026-06-19 18:06:22.481837'),(12,'auth','0010_alter_group_name_max_length','2026-06-19 18:06:22.495287'),(13,'auth','0011_update_proxy_permissions','2026-06-19 18:06:22.499701'),(14,'auth','0012_alter_user_first_name_max_length','2026-06-19 18:06:22.503924'),(15,'accounts','0001_initial','2026-06-19 18:06:23.047818'),(16,'admin','0001_initial','2026-06-19 18:06:23.194125'),(17,'admin','0002_logentry_remove_auto_add','2026-06-19 18:06:23.207371'),(18,'admin','0003_logentry_add_action_flag_choices','2026-06-19 18:06:23.217677'),(19,'gyms','0001_initial','2026-06-19 18:06:23.716294'),(20,'analytics','0001_initial','2026-06-19 18:06:23.914324'),(21,'bookings','0001_initial','2026-06-19 18:06:24.158064'),(22,'gyms','0003_importbatch_gym_external_id_gym_imported_at_and_more','2026-06-19 18:06:24.800366'),(23,'gyms','0002_gymimage_external_photo_fields','2026-06-19 18:06:25.003800'),(24,'gyms','0004_merge_photo_and_import_migrations','2026-06-19 18:06:25.005998'),(25,'gyms','0002_gym_latitude_gym_longitude','2026-06-19 18:06:25.146403'),(26,'gyms','0005_merge_20260619_2136','2026-06-19 18:06:25.148835'),(27,'notifications','0001_initial','2026-06-19 18:06:25.270179'),(28,'reviews','0001_initial','2026-06-19 18:06:25.538020'),(29,'sessions','0001_initial','2026-06-19 18:06:25.566180'),(30,'systemlogs','0001_initial','2026-06-19 18:06:25.713762'),(31,'systemlogs','0002_rename_systemlogs_level_c_3152b5_idx_systemlogs__level_4aa8e2_idx_and_more','2026-06-23 16:21:36.748998'),(32,'bookings','0002_create_sessions_access_pass_tables','2026-06-23 16:30:24.871773'),(33,'systemlogs','0003_expand_systemlog_categories','2026-06-26 16:44:51.006137');
/*!40000 ALTER TABLE `django_migrations` ENABLE KEYS */;
UNLOCK TABLES;

--
-- Table structure for table `django_session`
--

DROP TABLE IF EXISTS `django_session`;
/*!40101 SET @saved_cs_client     = @@character_set_client */;
/*!50503 SET character_set_client = utf8mb4 */;
CREATE TABLE `django_session` (
  `session_key` varchar(40) COLLATE utf8mb4_unicode_ci NOT NULL,
  `session_data` longtext COLLATE utf8mb4_unicode_ci NOT NULL,
  `expire_date` datetime(6) NOT NULL,
  PRIMARY KEY (`session_key`),
  KEY `django_session_expire_date_a5c62663` (`expire_date`)
) ENGINE=InnoDB DEFAULT CHARSET=utf8mb4 COLLATE=utf8mb4_unicode_ci;
/*!40101 SET character_set_client = @saved_cs_client */;

--
-- Dumping data for table `django_session`
--

LOCK TABLES `django_session` WRITE;
/*!40000 ALTER TABLE `django_session` DISABLE KEYS */;
INSERT INTO `django_session` VALUES ('i9ugp7d8zwwz1is86cft04zwfc74nst4','.eJxVjEEOwiAUBe_y14YAr0Dp0r1nIJ8CtmpoUtqV8e6mSRe6nZnMmwLv2xT2ltcwJxpI0-WXRR6fuR4iPbjeFzEudVvnKI5EnLaJ25Ly63q2f4OJ20QDwXlrGR4xOdUpNlw0lw7SSOlMr7IBYCRQoC2j1x7gDs5Z9tIh0ecLpiM15w:1wc44p:n08FWDpFizQJQCUmvLsT27G8MUJGChRwxaUWz-PAVX0','2026-07-07 16:34:19.357453'),('o97e4vfe2kivub4bz31nd08ro8qwljvd','.eJxVjMsOwiAQRf-FtSFAGRlcuvcbyAwPqRqalHZl_HdD0oVu7znnvkWgfath73kNcxIXocXpd2OKz9wGSA9q90XGpW3rzHIo8qBd3paUX9fD_Tuo1OuoHUOaGIvXaFzRBRAVW6DkWHtyFqAoUIxTVCaSL9pF69jkM1qTWInPF97SN6U:1wc43r:8ECZpLOQ1DgbSYq5pHzckg_ft2aEvv9xi01pQKSBdJw','2026-07-07 16:33:19.568494'),('rsg5e7zp6kcfiqii3nt85udzlrkuev30','.eJxVjEEOwiAUBe_y14YAr0Dp0r1nIJ8CtmpoUtqV8e6mSRe6nZnMmwLv2xT2ltcwJxpI0-WXRR6fuR4iPbjeFzEudVvnKI5EnLaJ25Ly63q2f4OJ20QDwXlrGR4xOdUpNlw0lw7SSOlMr7IBYCRQoC2j1x7gDs5Z9tIh0ecLpiM15w:1wc42U:UjVwCzMFwNWnVdTHVxHiP3HVw6zgJOKrC5ke6D8nSEg','2026-07-07 16:31:54.936008');
/*!40000 ALTER TABLE `django_session` ENABLE KEYS */;
UNLOCK TABLES;

--
-- Table structure for table `gyms_facility`
--

DROP TABLE IF EXISTS `gyms_facility`;
/*!40101 SET @saved_cs_client     = @@character_set_client */;
/*!50503 SET character_set_client = utf8mb4 */;
CREATE TABLE `gyms_facility` (
  `id` bigint NOT NULL AUTO_INCREMENT,
  `name` varchar(80) COLLATE utf8mb4_unicode_ci NOT NULL,
  `icon` varchar(40) COLLATE utf8mb4_unicode_ci NOT NULL,
  PRIMARY KEY (`id`),
  UNIQUE KEY `name` (`name`)
) ENGINE=InnoDB AUTO_INCREMENT=5 DEFAULT CHARSET=utf8mb4 COLLATE=utf8mb4_unicode_ci;
/*!40101 SET character_set_client = @saved_cs_client */;

--
-- Dumping data for table `gyms_facility`
--

LOCK TABLES `gyms_facility` WRITE;
/*!40000 ALTER TABLE `gyms_facility` DISABLE KEYS */;
INSERT INTO `gyms_facility` VALUES (1,'Strength Area',''),(2,'Cardio',''),(3,'Personal Training',''),(4,'Locker Room','');
/*!40000 ALTER TABLE `gyms_facility` ENABLE KEYS */;
UNLOCK TABLES;

--
-- Table structure for table `gyms_gym`
--

DROP TABLE IF EXISTS `gyms_gym`;
/*!40101 SET @saved_cs_client     = @@character_set_client */;
/*!50503 SET character_set_client = utf8mb4 */;
CREATE TABLE `gyms_gym` (
  `id` bigint NOT NULL AUTO_INCREMENT,
  `name` varchar(160) COLLATE utf8mb4_unicode_ci NOT NULL,
  `slug` varchar(180) COLLATE utf8mb4_unicode_ci NOT NULL,
  `description` longtext COLLATE utf8mb4_unicode_ci NOT NULL,
  `city` varchar(100) COLLATE utf8mb4_unicode_ci NOT NULL,
  `address` varchar(255) COLLATE utf8mb4_unicode_ci NOT NULL,
  `email` varchar(254) COLLATE utf8mb4_unicode_ci NOT NULL,
  `phone` varchar(40) COLLATE utf8mb4_unicode_ci NOT NULL,
  `website` varchar(200) COLLATE utf8mb4_unicode_ci NOT NULL,
  `starting_price` decimal(8,2) NOT NULL,
  `status` varchar(20) COLLATE utf8mb4_unicode_ci NOT NULL,
  `created_at` datetime(6) NOT NULL,
  `updated_at` datetime(6) NOT NULL,
  `owner_id` bigint NOT NULL,
  `external_id` varchar(255) COLLATE utf8mb4_unicode_ci NOT NULL,
  `import_batch_id` bigint DEFAULT NULL,
  `imported_at` datetime(6) DEFAULT NULL,
  `is_claimed` tinyint(1) NOT NULL,
  `is_imported` tinyint(1) NOT NULL,
  `source` varchar(50) COLLATE utf8mb4_unicode_ci NOT NULL,
  `latitude` decimal(9,6) DEFAULT NULL,
  `longitude` decimal(9,6) DEFAULT NULL,
  PRIMARY KEY (`id`),
  UNIQUE KEY `slug` (`slug`),
  KEY `gyms_gym_owner_id_6b8d289f_fk_accounts_user_id` (`owner_id`),
  KEY `gyms_gym_import_batch_id_44e2ac08_fk_gyms_importbatch_id` (`import_batch_id`),
  KEY `gyms_gym_external_id_540b04e5` (`external_id`),
  KEY `gyms_gym_is_claimed_09b812f0` (`is_claimed`),
  KEY `gyms_gym_is_imported_2dadc751` (`is_imported`),
  KEY `gyms_gym_source_b916ed89` (`source`),
  CONSTRAINT `gyms_gym_import_batch_id_44e2ac08_fk_gyms_importbatch_id` FOREIGN KEY (`import_batch_id`) REFERENCES `gyms_importbatch` (`id`),
  CONSTRAINT `gyms_gym_owner_id_6b8d289f_fk_accounts_user_id` FOREIGN KEY (`owner_id`) REFERENCES `accounts_user` (`id`)
) ENGINE=InnoDB AUTO_INCREMENT=31 DEFAULT CHARSET=utf8mb4 COLLATE=utf8mb4_unicode_ci;
/*!40101 SET character_set_client = @saved_cs_client */;

--
-- Dumping data for table `gyms_gym`
--

LOCK TABLES `gyms_gym` WRITE;
/*!40000 ALTER TABLE `gyms_gym` DISABLE KEYS */;
INSERT INTO `gyms_gym` VALUES (1,'سالن ورزشی صمد اقدمی','geoapify_518a7b7bbcbd264740598590cc27b2084340f00102f901ec52dd1d00000000920325d8b3d8a7d984d98620d988d8b1d8b2d8b4db8c20d8b5d985d8af2','سالن ورزشی صمد اقدمی is an imported gym listing in Tabriz based on Geoapify Places data. Services may include building, building sport, sport, sport sports centre. Owners can later claim this listing and complete the profile.','Tabriz','سالن ورزشی صمد اقدمی, Tabriz, Bagh shomal, Hafez St, East Azerbaijan Province, 51639-17697, Iran','','','',29.00,'APPROVED','2026-06-19 18:08:25.970143','2026-06-26 16:58:23.187425',2,'geoapify_518a7b7bbcbd264740598590cc27b2084340f00102f901ec52dd1d00000000920325d8b3d8a7d984d98620d988d8b1d8b2d8b4db8c20d8b5d985d8af20d8a7d982d8afd985db8c',3,'2026-06-21 08:19:11.944955',0,1,'geoapify',38.067937,46.302665),(2,'Tabriz','tabriz','Tabriz is an imported gym listing in Tabriz based on Geoapify Places data. Services may include sport, sport sports centre. Owners can later claim this listing and complete the profile.','Tabriz','Tabriz, Bagh shomal, Varzesh, East Azerbaijan Province, 51386-58563, Iran','','','',45.00,'APPROVED','2026-06-19 18:08:25.979215','2026-06-26 16:58:22.688833',2,'geoapify_51aa04fdcf9a26474059be594c75a1084340f00102f901a98ab14400000000',3,'2026-06-21 08:19:11.953622',0,1,'geoapify',38.067848,46.301536),(3,'باشگاه گنجویان','geoapify_51f10748f2c8264740599f3639924e0a4340f00102f901c197261e0000000092031bd8a8d8a7d8b4daafd8a7d98720daafd986d8acd988db8cd8a7d98','باشگاه گنجویان is an imported gym listing in Tabriz based on Geoapify Places data. Services may include building, building sport, sport, sport sports centre. Owners can later claim this listing and complete the profile.','Tabriz','باشگاه گنجویان, Tabriz, Sheshgilan, East Azerbaijan Province, 51369-63697, Iran','','','',39.00,'APPROVED','2026-06-19 18:08:25.985188','2026-06-26 16:58:22.202894',2,'geoapify_51f10748f2c8264740599f3639924e0a4340f00102f901c197261e0000000092031bd8a8d8a7d8b4daafd8a7d98720daafd986d8acd988db8cd8a7d986',3,'2026-06-21 08:19:11.956085',0,1,'geoapify',38.080471,46.302993),(4,'سالن شش هزار نفری پورشریفی','geoapify_51f01a36faba264740592945f3318f084340f00102f901eb52dd1d00000000920330d8b3d8a7d984d98620d8b4d8b420d987d8b2d8a7d8b120d986d98','سالن شش هزار نفری پورشریفی is an imported gym listing in Tabriz based on Geoapify Places data. Services may include building, building sport, sport, sport sports centre. Owners can later claim this listing and complete the profile.','Tabriz','سالن شش هزار نفری پورشریفی, Tabriz, Bagh shomal, خیابان نیرو انتظامی, East Azerbaijan Province, 51386-58563, Iran','','','',49.00,'APPROVED','2026-06-19 18:08:25.990985','2026-06-26 16:58:16.292733',2,'geoapify_51f01a36faba264740592945f3318f084340f00102f901eb52dd1d00000000920330d8b3d8a7d984d98620d8b4d8b420d987d8b2d8a7d8b120d986d981d8b1db8c20d9bed988d8b1d8b4d8b1db8cd981db8c',3,'2026-06-21 08:19:11.959178',0,1,'geoapify',38.066870,46.302581),(5,'سالن ورزشی قائم مقام','geoapify_514fd944c16726474059984a896e870a4340f00102f9016a4f631a00000000920325d8b3d8a7d984d98620d988d8b1d8b2d8b4db8c20d982d8a7d8a6d','سالن ورزشی قائم مقام is an imported gym listing in Tabriz based on Geoapify Places data. Services may include building, building sport, sport, sport sports centre. Owners can later claim this listing and complete the profile.','Tabriz','سالن ورزشی قائم مقام, Tabriz, چاپارباشی, East Azerbaijan Province, 51369-63697, Iran','','','',29.00,'APPROVED','2026-06-19 18:08:25.998948','2026-06-26 16:58:15.473427',2,'geoapify_514fd944c16726474059984a896e870a4340f00102f9016a4f631a00000000920325d8b3d8a7d984d98620d988d8b1d8b2d8b4db8c20d982d8a7d8a6d98520d985d982d8a7d985',3,'2026-06-21 08:19:11.961890',0,1,'geoapify',38.082258,46.300041),(6,'باشگاه فرهنگی و ورزشی آرارات تبریز','geoapify_513096eced9b244740592ca7760a1e094340f00102f90125ed971d0000000092033fd8a8d8a7d8b4daafd8a7d98720d981d8b1d987d986daafdb8c20d','باشگاه فرهنگی و ورزشی آرارات تبریز is an imported gym listing in Tabriz based on Geoapify Places data. Services may include building, building sport, sport, sport sports centre. Owners can later claim this listing and complete the profile.','Tabriz','Ararat Armenian Cultural Club, Tabriz, Nowbar, Ark e Jadid, East Azerbaijan Province, 51378-83199, Iran','','','',49.00,'APPROVED','2026-06-19 18:08:26.003998','2026-06-26 16:58:14.080103',2,'geoapify_513096eced9b244740592ca7760a1e094340f00102f90125ed971d0000000092033fd8a8d8a7d8b4daafd8a7d98720d981d8b1d987d986daafdb8c20d98820d988d8b1d8b2d8b4db8c20d8a2d8b1d8a7d8b1d8a7d8aa20d8aad8a8d8b1db8cd8b2',3,'2026-06-21 08:19:11.966306',0,1,'geoapify',38.071230,46.286008),(7,'استخر دلفین آبی','geoapify_519ed387896127474059ff147df43c0a4340f00103f901619eae210100000092031cd8a7d8b3d8aad8aed8b120d8afd984d981db8cd98620d8a2d8a8d','استخر دلفین آبی is an imported gym listing in Tabriz based on Geoapify Places data. Services may include sport, sport sports centre. Owners can later claim this listing and complete the profile.','Tabriz','استخر دلفین آبی, Tabriz, Sheshgilan, East Azerbaijan Province, 51369-63697, Iran','','','',39.00,'APPROVED','2026-06-19 18:08:26.009590','2026-06-26 16:58:14.692247',2,'geoapify_519ed387896127474059ff147df43c0a4340f00103f901619eae210100000092031cd8a7d8b3d8aad8aed8b120d8afd984d981db8cd98620d8a2d8a8db8c',3,'2026-06-21 08:19:11.969232',0,1,'geoapify',38.079985,46.307664),(8,'سالن استخروسونای مدنی','geoapify_5154873e94c32547405934e5488ffe0a4340f00102f9015685a21e00000000920328d8b3d8a7d984d98620d8a7d8b3d8aad8aed8b1d988d8b3d988d98','سالن استخروسونای مدنی is an imported gym listing in Tabriz based on Geoapify Places data. Services may include sport, sport sports centre. Owners can later claim this listing and complete the profile.','Tabriz','سالن استخروسونای مدنی, Tabriz, Davachi, کوچه خلفازاده, East Azerbaijan Province, 51348-33664, Iran','','','',49.00,'APPROVED','2026-06-19 18:08:26.014544','2026-06-26 16:58:04.072410',2,'geoapify_5154873e94c32547405934e5488ffe0a4340f00102f9015685a21e00000000920328d8b3d8a7d984d98620d8a7d8b3d8aad8aed8b1d988d8b3d988d986d8a7db8c20d985d8afd986db8c',3,'2026-06-21 08:19:11.971522',0,1,'geoapify',38.085898,46.295022),(9,'سالن ورزشی دبیرستان امیرخیزی','geoapify_5184980e400125474059fb3566df27084340f00102f90183b50f1e00000000920335d8b3d8a7d984d98620d988d8b1d8b2d8b4db8c20d8afd8a8db8cd','سالن ورزشی دبیرستان امیرخیزی is an imported gym listing in Tabriz based on Geoapify Places data. Services may include sport, sport sports centre. Owners can later claim this listing and complete the profile.','Tabriz','سالن ورزشی دبیرستان امیرخیزی, Tabriz, Charandab, Golshan, East Azerbaijan Province, 51387-45668, Iran','','','',49.00,'APPROVED','2026-06-19 18:08:26.019450','2026-06-26 16:58:02.327304',2,'geoapify_5184980e400125474059fb3566df27084340f00102f90183b50f1e00000000920335d8b3d8a7d984d98620d988d8b1d8b2d8b4db8c20d8afd8a8db8cd8b1d8b3d8aad8a7d98620d8a7d985db8cd8b1d8aedb8cd8b2db8c',3,'2026-06-21 08:19:11.974350',0,1,'geoapify',38.063885,46.289122),(10,'استخر شهید مدنی','geoapify_51f0041b088c254740594c9e46481c0b4340f00102f901ecf25b1d0000000092031cd8a7d8b3d8aad8aed8b120d8b4d987db8cd8af20d985d8afd986d','استخر شهید مدنی is an imported gym listing in Tabriz based on Geoapify Places data. Services may include sport, sport sports centre. Owners can later claim this listing and complete the profile.','Tabriz','استخر شهید مدنی, Tabriz, Davachi, سامان میدانی, East Azerbaijan Province, 51348-33664, Iran','','','',45.00,'APPROVED','2026-06-19 18:08:26.025404','2026-06-26 16:58:01.848306',2,'geoapify_51f0041b088c254740594c9e46481c0b4340f00102f901ecf25b1d0000000092031cd8a7d8b3d8aad8aed8b120d8b4d987db8cd8af20d985d8afd986db8c',3,'2026-06-21 08:19:11.977316',0,1,'geoapify',38.086825,46.293340),(11,'مجتمع ورزشی وحدت','geoapify_51eb707495ee23474059a56d57433d0a4340f00103f9017357fb290100000092031ed985d8acd8aad985d8b920d988d8b1d8b2d8b4db8c20d988d8add','مجتمع ورزشی وحدت is an imported gym listing in Tabriz based on Geoapify Places data. Services may include sport, sport sports centre. Owners can later claim this listing and complete the profile.','Tabriz','مجتمع ورزشی وحدت, Tabriz, Jomhuriyeh Eslami street, East Azerbaijan Province, 51396-84985, Iran','','','',35.00,'APPROVED','2026-06-19 18:08:26.030536','2026-06-26 16:58:01.396640',2,'geoapify_51eb707495ee23474059a56d57433d0a4340f00103f9017357fb290100000092031ed985d8acd8aad985d8b920d988d8b1d8b2d8b4db8c20d988d8add8afd8aa',3,'2026-06-21 08:19:11.979839',0,1,'geoapify',38.079995,46.280718),(12,'سالن ورزشی بیلیارد','geoapify_51ec51b81e85284740593cf2ac495c0a4340f00103f9013cc63d4c01000000920322d8b3d8a7d984d98620d988d8b1d8b2d8b4db8c20d8a8db8cd984d','سالن ورزشی بیلیارد is an imported gym listing in Tabriz based on Geoapify Places data. Services may include sport, sport sports centre. Owners can later claim this listing and complete the profile.','Tabriz','سالن ورزشی بیلیارد, Tabriz, Yusuf Abad, Selab, East Azerbaijan Province, 51569-83936, Iran','','','',49.00,'APPROVED','2026-06-19 18:08:26.035827','2026-06-26 16:58:00.908520',2,'geoapify_51ec51b81e85284740593cf2ac495c0a4340f00103f9013cc63d4c01000000920322d8b3d8a7d984d98620d988d8b1d8b2d8b4db8c20d8a8db8cd984db8cd8a7d8b1d8af',3,'2026-06-21 08:19:11.982288',0,1,'geoapify',38.080941,46.316563),(13,'مجموعه ورزشی ایثار','geoapify_5133c33ebc6c28474059cb07bb33900a4340f00102f901c1355c1200000000920322d985d8acd985d988d8b9d98720d988d8b1d8b2d8b4db8c20d8a7d','مجموعه ورزشی ایثار is an imported gym listing in Tabriz based on Geoapify Places data. Services may include sport, sport sports centre. Owners can later claim this listing and complete the profile.','Tabriz','مجموعه ورزشی ایثار, Tabriz, امامزاده, East Azerbaijan Province, 51547-91138, Iran','','','',29.00,'APPROVED','2026-06-19 18:08:26.041695','2026-06-26 16:58:00.410190',2,'geoapify_5133c33ebc6c28474059cb07bb33900a4340f00102f901c1355c1200000000920322d985d8acd985d988d8b9d98720d988d8b1d8b2d8b4db8c20d8a7db8cd8abd8a7d8b1',3,'2026-06-21 08:19:11.984748',0,1,'geoapify',38.082503,46.315800),(14,'سالن ورزشی الزهرا','geoapify_51c398a98a7d234740599426441ea3084340f00102f901a452841d00000000920320d8b3d8a7d984d98620d988d8b1d8b2d8b4db8c20d8a7d984d8b2d','سالن ورزشی الزهرا is an imported gym listing in Tabriz based on Geoapify Places data. Services may include sport, sport sports centre. Owners can later claim this listing and complete the profile.','Tabriz','سالن ورزشی الزهرا, Tabriz, Ahrab, پرهیزکار, East Azerbaijan Province, 51737-85531, Iran','','','',29.00,'APPROVED','2026-06-19 18:08:26.047304','2026-06-26 16:57:59.918903',2,'geoapify_51c398a98a7d234740599426441ea3084340f00102f901a452841d00000000920320d8b3d8a7d984d98620d988d8b1d8b2d8b4db8c20d8a7d984d8b2d987d8b1d8a7',3,'2026-06-21 08:19:11.987051',0,1,'geoapify',38.067616,46.277239),(15,'استخر سرپوشیده دانشگاه علوم پزشکی','geoapify_51cafdbbaf6f2747405947e684d956074340f00102f901043f741d0000000092033ed8a7d8b3d8aad8aed8b120d8b3d8b1d9bed988d8b4db8cd8afd98','استخر سرپوشیده دانشگاه علوم پزشکی is an imported gym listing in Tabriz based on Geoapify Places data. Services may include sport, sport sports centre. Owners can later claim this listing and complete the profile.','Tabriz','استخر سرپوشیده دانشگاه علوم پزشکی, Tabriz, بزرگراه آزادی, East Azerbaijan Province, 51639-17697, Iran','','','',39.00,'APPROVED','2026-06-19 18:08:26.052624','2026-06-26 16:57:58.240454',2,'geoapify_51cafdbbaf6f2747405947e684d956074340f00102f901043f741d0000000092033ed8a7d8b3d8aad8aed8b120d8b3d8b1d9bed988d8b4db8cd8afd98720d8afd8a7d986d8b4daafd8a7d98720d8b9d984d988d98520d9bed8b2d8b4daa9db8c',3,'2026-06-21 08:19:11.989283',0,1,'geoapify',38.057339,46.308097),(16,'مجموعه ورزشی نجفی','geoapify_51c46dae32f3b1494059851ac71b9ad84140f00102f901aae4603100000000920320d985d8acd985d988d8b9d98720d988d8b1d8b2d8b4db8c20d986d','مجموعه ورزشی نجفی is an imported gym listing in Tehran based on Geoapify Places data. Services may include building, building sport, sport, sport sports centre. Owners can later claim this listing and complete the profile.','Tehran','مجموعه ورزشی نجفی, Tehran, District 11, عبدالله زاده, Tehran Province, 13187-95656, Iran','','','',39.00,'APPROVED','2026-06-19 18:08:38.489045','2026-06-19 18:17:41.906051',2,'geoapify_51c46dae32f3b1494059851ac71b9ad84140f00102f901aae4603100000000920320d985d8acd985d988d8b9d98720d988d8b1d8b2d8b4db8c20d986d8acd981db8c',2,'2026-06-19 18:08:38.488813',0,1,'geoapify',35.692201,51.390236),(17,'مجموعه ورزشی فرهنگیان','geoapify_51169d47963eb14940597f14ee5f48d74140f00102f901ae2d9d1a00000000920328d985d8acd985d988d8b9d98720d988d8b1d8b2d8b4db8c20d981d','مجموعه ورزشی فرهنگیان is an imported gym listing in Tehran based on Geoapify Places data. Services may include sport, sport sports centre. Owners can later claim this listing and complete the profile.','Tehran','مجموعه ورزشی فرهنگیان, Tehran, District 11, Kamali, Tehran Province, 13339-65459, Iran','','','',45.00,'APPROVED','2026-06-19 18:08:38.496941','2026-06-19 18:17:41.406394',2,'geoapify_51169d47963eb14940597f14ee5f48d74140f00102f901ae2d9d1a00000000920328d985d8acd985d988d8b9d98720d988d8b1d8b2d8b4db8c20d981d8b1d987d986daafdb8cd8a7d986',2,'2026-06-19 18:08:38.496777',0,1,'geoapify',35.681932,51.384726),(18,'باشگاه ورزشی','geoapify_514c06369d53b3494059493ec0a442d84140f00103f9018f60501901000000920317d8a8d8a7d8b4daafd8a7d98720d988d8b1d8b2d8b4db8c','باشگاه ورزشی is an imported gym listing in Tehran based on Geoapify Places data. Services may include sport, sport sports centre. Owners can later claim this listing and complete the profile.','Tehran','باشگاه ورزشی, Tehran, District 11, Palestine Street, Tehran Province, 13168-63671, Iran','','','',45.00,'APPROVED','2026-06-19 18:08:38.503769','2026-06-19 18:17:40.873090',2,'geoapify_514c06369d53b3494059493ec0a442d84140f00103f9018f60501901000000920317d8a8d8a7d8b4daafd8a7d98720d988d8b1d8b2d8b4db8c',2,'2026-06-19 18:08:38.503625',0,1,'geoapify',35.689534,51.400989),(19,'باشگاه ورزشی امداد','geoapify_5184c8337914b3494059f5a10bea5bd74140f00103f90141f0fbcb01000000920322d8a8d8a7d8b4daafd8a7d98720d988d8b1d8b2d8b4db8c20d8a7d','باشگاه ورزشی امداد is an imported gym listing in Tehran based on Geoapify Places data. Services may include sport, sport sports centre. Owners can later claim this listing and complete the profile.','Tehran','باشگاه ورزشی امداد, Tehran, District 11, Moayeri, Tehran Province, 13337-54313, Iran','','','',59.00,'APPROVED','2026-06-19 18:08:38.510562','2026-06-19 18:17:40.307493',2,'geoapify_5184c8337914b3494059f5a10bea5bd74140f00103f90141f0fbcb01000000920322d8a8d8a7d8b4daafd8a7d98720d988d8b1d8b2d8b4db8c20d8a7d985d8afd8a7d8af',2,'2026-06-19 18:08:38.510401',0,1,'geoapify',35.682493,51.399062),(20,'سالن ورزشی طوفانی','geoapify_513140644639b049405951d56e6a1cd74140f00102f9017e42663c00000000920320d8b3d8a7d984d98620d988d8b1d8b2d8b4db8c20d8b7d988d981d','سالن ورزشی طوفانی is an imported gym listing in Tehran based on Geoapify Places data. Services may include sport, sport sports centre. Owners can later claim this listing and complete the profile.','Tehran','سالن ورزشی طوفانی, Tehran, District 10, ورزشکار, Tehran Province, 13468-99163, Iran','','','',39.00,'APPROVED','2026-06-19 18:08:38.515920','2026-06-19 18:17:39.772642',2,'geoapify_513140644639b049405951d56e6a1cd74140f00102f9017e42663c00000000920320d8b3d8a7d984d98620d988d8b1d8b2d8b4db8c20d8b7d988d981d8a7d986db8c',2,'2026-06-19 18:08:38.515783',0,1,'geoapify',35.680555,51.376748),(21,'مجموعه ورزشی دخانیات','geoapify_51fe11214a82b14940590bc6f15477d64140f00102f9010c2d9d1a00000000920326d985d8acd985d988d8b9d98720d988d8b1d8b2d8b4db8c20d8afd','مجموعه ورزشی دخانیات is an imported gym listing in Tehran based on Geoapify Places data. Services may include building, building sport, sport, sport sports centre. Owners can later claim this listing and complete the profile.','Tehran','مجموعه ورزشی دخانیات, Tehran, District 11, رسول قدیمی, Tehran Province, 13339-65459, Iran','','','',59.00,'APPROVED','2026-06-19 18:08:38.520893','2026-06-19 18:17:39.156433',2,'geoapify_51fe11214a82b14940590bc6f15477d64140f00102f9010c2d9d1a00000000920326d985d8acd985d988d8b9d98720d988d8b1d8b2d8b4db8c20d8afd8aed8a7d986db8cd8a7d8aa',2,'2026-06-19 18:08:38.520759',0,1,'geoapify',35.675521,51.386789),(22,'مجموعه ورزشی خوش','geoapify_5146a3a69b98af4940599877f36830d94140f00102f90120f1162d0000000092031ed985d8acd985d988d8b9d98720d988d8b1d8b2d8b4db8c20d8aed','مجموعه ورزشی خوش is an imported gym listing in Tehran based on Geoapify Places data. Services may include sport, sport sports centre. Owners can later claim this listing and complete the profile.','Tehran','مجموعه ورزشی خوش, Tehran, District 10, امین اللهی, Tehran Province, 13456-15915, Iran','','','',29.00,'APPROVED','2026-06-19 18:08:38.528435','2026-06-19 18:17:38.487001',2,'geoapify_5146a3a69b98af4940599877f36830d94140f00102f90120f1162d0000000092031ed985d8acd985d988d8b9d98720d988d8b1d8b2d8b4db8c20d8aed988d8b4',2,'2026-06-19 18:08:38.528291',0,1,'geoapify',35.696791,51.371845),(23,'ورزشگاه شهید حیدرنیا','geoapify_5193903ff7a6b4494059841a3e2056d94140f00102f901ff711a1f00000000920326d988d8b1d8b2d8b4daafd8a7d98720d8b4d987db8cd8af20d8add','ورزشگاه شهید حیدرنیا is an imported gym listing in Tehran based on Geoapify Places data. Services may include sport, sport sports centre. Owners can later claim this listing and complete the profile.','Tehran','ورزشگاه شهید حیدرنیا, Tehran, District 11, Hafez Street, Tehran Province, 11398-16746, Iran','','','',59.00,'APPROVED','2026-06-19 18:08:38.533635','2026-06-19 18:17:37.772022',2,'geoapify_5193903ff7a6b4494059841a3e2056d94140f00102f901ff711a1f00000000920326d988d8b1d8b2d8b4daafd8a7d98720d8b4d987db8cd8af20d8addb8cd8afd8b1d986db8cd8a7',2,'2026-06-19 18:08:38.533498',0,1,'geoapify',35.697982,51.411345),(24,'هیات کوهنوردی و صعودهای ورزشی شمال غرب استان تهران','geoapify_51432a7b01acb4494059d2b47a3d4ed94140f00103f9010de896a50200000092035cd987db8cd8a7d8aa20daa9d988d987d986d988d8b1d8afdb8c20d','هیات کوهنوردی و صعودهای ورزشی شمال غرب استان تهران is an imported gym listing in Tehran based on Geoapify Places data. Services may include sport, sport sports centre. Owners can later claim this listing and complete the profile.','Tehran','هیات کوهنوردی و صعودهای ورزشی شمال غرب استان تهران, Tehran, District 11, Neauphle-Le-Château Street, Tehran Province, 11348-14611, Iran','','','',49.00,'APPROVED','2026-06-19 18:08:38.538578','2026-06-19 18:17:37.071385',2,'geoapify_51432a7b01acb4494059d2b47a3d4ed94140f00103f9010de896a50200000092035cd987db8cd8a7d8aa20daa9d988d987d986d988d8b1d8afdb8c20d98820d8b5d8b9d988d8afd987d8a7db8c20d988d8b1d8b2d8b4db8c20d8b4d985d8a7d98420d8bad8b1d8a820d8a7d8b3d8aad8a7d98620d8aad987d8b1d8',2,'2026-06-19 18:08:38.538445',0,1,'geoapify',35.697700,51.411499),(25,'باشگاه ورزشی محمد رضا حیدریان','geoapify_519fd1b05ecaae494059e5c13d3727d74140f00102f9019884824600000000920336d8a8d8a7d8b4daafd8a7d98720d988d8b1d8b2d8b4db8c20d985d','باشگاه ورزشی محمد رضا حیدریان is an imported gym listing in Tehran based on Geoapify Places data. Services may include building, building sport, fee, sport. Owners can later claim this listing and complete the profile.','Tehran','باشگاه ورزشی محمد رضا حیدریان, Tehran, District 10, Komeil, Tehran Province, 13478-46891, Iran','','','',59.00,'APPROVED','2026-06-19 18:08:38.545470','2026-06-19 18:17:36.339811',2,'geoapify_519fd1b05ecaae494059e5c13d3727d74140f00102f9019884824600000000920336d8a8d8a7d8b4daafd8a7d98720d988d8b1d8b2d8b4db8c20d985d8add985d8af20d8b1d8b6d8a720d8addb8cd8afd8b1db8cd8a7d986',2,'2026-06-19 18:08:38.545296',0,1,'geoapify',35.680884,51.365551),(26,'مجوعه ورزشی پردیس','geoapify_5193572f5f6bb249405942c8d52480d54140f00102f901ae998f1a00000000920320d985d8acd988d8b9d98720d988d8b1d8b2d8b4db8c20d9bed8b1d','مجوعه ورزشی پردیس is an imported gym listing in Tehran based on Geoapify Places data. Services may include building, building sport, sport, sport sports centre. Owners can later claim this listing and complete the profile.','Tehran','مجوعه ورزشی پردیس, Tehran, District 11, Helal Ahmar Street, Tehran Province, 13358-94354, Iran','','','',49.00,'APPROVED','2026-06-19 18:08:38.550635','2026-06-19 18:17:35.572755',2,'geoapify_5193572f5f6bb249405942c8d52480d54140f00102f901ae998f1a00000000920320d985d8acd988d8b9d98720d988d8b1d8b2d8b4db8c20d9bed8b1d8afdb8cd8b3',2,'2026-06-19 18:08:38.550496',0,1,'geoapify',35.667973,51.393902),(27,'Tehran','tehran','Tehran is an imported gym listing in Tehran based on Geoapify Places data. Services may include sport, sport sports centre. Owners can later claim this listing and complete the profile.','Tehran','Tehran, District 11, Helal Ahmar Street, Tehran Province, 13358-94354, Iran','','','',35.00,'APPROVED','2026-06-19 18:08:38.555604','2026-06-19 18:17:34.773004',2,'geoapify_518e279ab96bb2494059f70c54477ad54140f00102f9019f8b2c5600000000',2,'2026-06-19 18:08:38.555463',0,1,'geoapify',35.667849,51.393876),(28,'سالن ورزشی شهدای هفتم تیر','geoapify_51c540b17542b5494059ba1faf39aad74140f00102f901fad3721c0000000092032ed8b3d8a7d984d98620d988d8b1d8b2d8b4db8c20d8b4d987d8afd','سالن ورزشی شهدای هفتم تیر is an imported gym listing in Tehran based on Geoapify Places data. Services may include building, building sport, sport, sport sports centre. Owners can later claim this listing and complete the profile.','Tehran','سالن ورزشی شهدای هفتم تیر, Tehran, District 12, Fayaz Bakhsh, Tehran Province, 11146-64917, Iran','','','',29.00,'APPROVED','2026-06-19 18:08:38.562110','2026-06-19 18:17:33.633064',2,'geoapify_51c540b17542b5494059ba1faf39aad74140f00102f901fad3721c0000000092032ed8b3d8a7d984d98620d988d8b1d8b2d8b4db8c20d8b4d987d8afd8a7db8c20d987d981d8aad98520d8aadb8cd8b1',2,'2026-06-19 18:08:38.561966',0,1,'geoapify',35.684886,51.416091),(29,'مجموعه ورزشی بریانک','geoapify_51b43cc637f3af49405900954975dcd54140f00102f901efbda13100000000920324d985d8acd985d988d8b9d98720d988d8b1d8b2d8b4db8c20d8a8d','مجموعه ورزشی بریانک is an imported gym listing in Tehran based on Geoapify Places data. Services may include sport, sport sports centre. Owners can later claim this listing and complete the profile.','Tehran','مجموعه ورزشی بریانک, Tehran, District 10, سه متری, Tehran Province, 13386-54995, Iran','','','',49.00,'APPROVED','2026-06-19 18:08:38.567351','2026-06-19 18:17:31.754173',2,'geoapify_51b43cc637f3af49405900954975dcd54140f00102f901efbda13100000000920324d985d8acd985d988d8b9d98720d988d8b1d8b2d8b4db8c20d8a8d8b1db8cd8a7d986daa9',2,'2026-06-19 18:08:38.567212',0,1,'geoapify',35.670790,51.374610),(30,'مجتمع ورزشی حجاب','geoapify_51d439e63fc5b2494059191fba0d09db4140f00102f9010681a13c0000000092031ed985d8acd8aad985d8b920d988d8b1d8b2d8b4db8c20d8add8acd','مجتمع ورزشی حجاب is an imported gym listing in Tehran based on Geoapify Places data. Services may include building, building sport, sport, sport sports centre. Owners can later claim this listing and complete the profile.','Tehran','مجتمع ورزشی حجاب, Tehran, District 6, هفتم, Tehran Province, 14166-14178, Iran','','','',59.00,'APPROVED','2026-06-19 18:08:38.572627','2026-06-19 18:17:30.830833',2,'geoapify_51d439e63fc5b2494059191fba0d09db4140f00102f9010681a13c0000000092031ed985d8acd8aad985d8b920d988d8b1d8b2d8b4db8c20d8add8acd8a7d8a8',2,'2026-06-19 18:08:38.572451',0,1,'geoapify',35.711214,51.396645);
/*!40000 ALTER TABLE `gyms_gym` ENABLE KEYS */;
UNLOCK TABLES;

--
-- Table structure for table `gyms_gym_facilities`
--

DROP TABLE IF EXISTS `gyms_gym_facilities`;
/*!40101 SET @saved_cs_client     = @@character_set_client */;
/*!50503 SET character_set_client = utf8mb4 */;
CREATE TABLE `gyms_gym_facilities` (
  `id` bigint NOT NULL AUTO_INCREMENT,
  `gym_id` bigint NOT NULL,
  `facility_id` bigint NOT NULL,
  PRIMARY KEY (`id`),
  UNIQUE KEY `gyms_gym_facilities_gym_id_facility_id_d6f13b41_uniq` (`gym_id`,`facility_id`),
  KEY `gyms_gym_facilities_facility_id_5c906109_fk_gyms_facility_id` (`facility_id`),
  CONSTRAINT `gyms_gym_facilities_facility_id_5c906109_fk_gyms_facility_id` FOREIGN KEY (`facility_id`) REFERENCES `gyms_facility` (`id`),
  CONSTRAINT `gyms_gym_facilities_gym_id_0733ec97_fk_gyms_gym_id` FOREIGN KEY (`gym_id`) REFERENCES `gyms_gym` (`id`)
) ENGINE=InnoDB AUTO_INCREMENT=121 DEFAULT CHARSET=utf8mb4 COLLATE=utf8mb4_unicode_ci;
/*!40101 SET character_set_client = @saved_cs_client */;

--
-- Dumping data for table `gyms_gym_facilities`
--

LOCK TABLES `gyms_gym_facilities` WRITE;
/*!40000 ALTER TABLE `gyms_gym_facilities` DISABLE KEYS */;
INSERT INTO `gyms_gym_facilities` VALUES (1,1,1),(2,1,2),(3,1,3),(4,1,4),(5,2,1),(6,2,2),(7,2,3),(8,2,4),(9,3,1),(10,3,2),(11,3,3),(12,3,4),(13,4,1),(14,4,2),(15,4,3),(16,4,4),(17,5,1),(18,5,2),(19,5,3),(20,5,4),(21,6,1),(22,6,2),(23,6,3),(24,6,4),(25,7,1),(26,7,2),(27,7,3),(28,7,4),(29,8,1),(30,8,2),(31,8,3),(32,8,4),(33,9,1),(34,9,2),(35,9,3),(36,9,4),(37,10,1),(38,10,2),(39,10,3),(40,10,4),(41,11,1),(42,11,2),(43,11,3),(44,11,4),(45,12,1),(46,12,2),(47,12,3),(48,12,4),(49,13,1),(50,13,2),(51,13,3),(52,13,4),(53,14,1),(54,14,2),(55,14,3),(56,14,4),(57,15,1),(58,15,2),(59,15,3),(60,15,4),(61,16,1),(62,16,2),(63,16,3),(64,16,4),(65,17,1),(66,17,2),(67,17,3),(68,17,4),(69,18,1),(70,18,2),(71,18,3),(72,18,4),(73,19,1),(74,19,2),(75,19,3),(76,19,4),(77,20,1),(78,20,2),(79,20,3),(80,20,4),(81,21,1),(82,21,2),(83,21,3),(84,21,4),(85,22,1),(86,22,2),(87,22,3),(88,22,4),(89,23,1),(90,23,2),(91,23,3),(92,23,4),(93,24,1),(94,24,2),(95,24,3),(96,24,4),(97,25,1),(98,25,2),(99,25,3),(100,25,4),(101,26,1),(102,26,2),(103,26,3),(104,26,4),(105,27,1),(106,27,2),(107,27,3),(108,27,4),(109,28,1),(110,28,2),(111,28,3),(112,28,4),(113,29,1),(114,29,2),(115,29,3),(116,29,4),(117,30,1),(118,30,2),(119,30,3),(120,30,4);
/*!40000 ALTER TABLE `gyms_gym_facilities` ENABLE KEYS */;
UNLOCK TABLES;

--
-- Table structure for table `gyms_gymimage`
--

DROP TABLE IF EXISTS `gyms_gymimage`;
/*!40101 SET @saved_cs_client     = @@character_set_client */;
/*!50503 SET character_set_client = utf8mb4 */;
CREATE TABLE `gyms_gymimage` (
  `id` bigint NOT NULL AUTO_INCREMENT,
  `image` varchar(100) COLLATE utf8mb4_unicode_ci DEFAULT NULL,
  `alt_text` varchar(160) COLLATE utf8mb4_unicode_ci NOT NULL,
  `is_cover` tinyint(1) NOT NULL,
  `gym_id` bigint NOT NULL,
  `external_url` varchar(200) COLLATE utf8mb4_unicode_ci NOT NULL,
  `source` varchar(50) COLLATE utf8mb4_unicode_ci NOT NULL,
  `credit` varchar(160) COLLATE utf8mb4_unicode_ci NOT NULL,
  PRIMARY KEY (`id`),
  KEY `gyms_gymimage_gym_id_cb8808d3_fk_gyms_gym_id` (`gym_id`),
  CONSTRAINT `gyms_gymimage_gym_id_cb8808d3_fk_gyms_gym_id` FOREIGN KEY (`gym_id`) REFERENCES `gyms_gym` (`id`)
) ENGINE=InnoDB AUTO_INCREMENT=31 DEFAULT CHARSET=utf8mb4 COLLATE=utf8mb4_unicode_ci;
/*!40101 SET character_set_client = @saved_cs_client */;

--
-- Dumping data for table `gyms_gymimage`
--

LOCK TABLES `gyms_gymimage` WRITE;
/*!40000 ALTER TABLE `gyms_gymimage` DISABLE KEYS */;
INSERT INTO `gyms_gymimage` VALUES (1,'gyms/generated/1-gym.svg','سالن ورزشی صمد اقدمی cover image',1,1,'','placeholder','Generated by myGym placeholder command'),(2,'gyms/generated/2-tabriz.svg','Tabriz cover image',1,2,'','placeholder','Generated by myGym placeholder command'),(3,'gyms/generated/3-gym.svg','باشگاه گنجویان cover image',1,3,'','placeholder','Generated by myGym placeholder command'),(4,'gyms/generated/4-gym.svg','سالن شش هزار نفری پورشریفی cover image',1,4,'','placeholder','Generated by myGym placeholder command'),(5,'gyms/generated/5-gym.svg','سالن ورزشی قائم مقام cover image',1,5,'','placeholder','Generated by myGym placeholder command'),(6,'gyms/generated/6-gym.svg','باشگاه فرهنگی و ورزشی آرارات تبریز cover image',1,6,'','placeholder','Generated by myGym placeholder command'),(7,'gyms/generated/7-gym.svg','استخر دلفین آبی cover image',1,7,'','placeholder','Generated by myGym placeholder command'),(8,'gyms/generated/8-gym.svg','سالن استخروسونای مدنی cover image',1,8,'','placeholder','Generated by myGym placeholder command'),(9,'gyms/generated/9-gym.svg','سالن ورزشی دبیرستان امیرخیزی cover image',1,9,'','placeholder','Generated by myGym placeholder command'),(10,'gyms/generated/10-gym.svg','استخر شهید مدنی cover image',1,10,'','placeholder','Generated by myGym placeholder command'),(11,'gyms/generated/11-gym.svg','مجتمع ورزشی وحدت cover image',1,11,'','placeholder','Generated by myGym placeholder command'),(12,'gyms/generated/12-gym.svg','سالن ورزشی بیلیارد cover image',1,12,'','placeholder','Generated by myGym placeholder command'),(13,'gyms/generated/13-gym.svg','مجموعه ورزشی ایثار cover image',1,13,'','placeholder','Generated by myGym placeholder command'),(14,'gyms/generated/14-gym.svg','سالن ورزشی الزهرا cover image',1,14,'','placeholder','Generated by myGym placeholder command'),(15,'gyms/generated/15-gym.svg','استخر سرپوشیده دانشگاه علوم پزشکی cover image',1,15,'','placeholder','Generated by myGym placeholder command'),(16,'gyms/generated/16-gym.svg','مجموعه ورزشی نجفی cover image',1,16,'','placeholder','Generated by myGym placeholder command'),(17,'gyms/generated/17-gym.svg','مجموعه ورزشی فرهنگیان cover image',1,17,'','placeholder','Generated by myGym placeholder command'),(18,'gyms/generated/18-gym.svg','باشگاه ورزشی cover image',1,18,'','placeholder','Generated by myGym placeholder command'),(19,'gyms/generated/19-gym.svg','باشگاه ورزشی امداد cover image',1,19,'','placeholder','Generated by myGym placeholder command'),(20,'gyms/generated/20-gym.svg','سالن ورزشی طوفانی cover image',1,20,'','placeholder','Generated by myGym placeholder command'),(21,'gyms/generated/21-gym.svg','مجموعه ورزشی دخانیات cover image',1,21,'','placeholder','Generated by myGym placeholder command'),(22,'gyms/generated/22-gym.svg','مجموعه ورزشی خوش cover image',1,22,'','placeholder','Generated by myGym placeholder command'),(23,'gyms/generated/23-gym.svg','ورزشگاه شهید حیدرنیا cover image',1,23,'','placeholder','Generated by myGym placeholder command'),(24,'gyms/generated/24-gym.svg','هیات کوهنوردی و صعودهای ورزشی شمال غرب استان تهران cover image',1,24,'','placeholder','Generated by myGym placeholder command'),(25,'gyms/generated/25-gym.svg','باشگاه ورزشی محمد رضا حیدریان cover image',1,25,'','placeholder','Generated by myGym placeholder command'),(26,'gyms/generated/26-gym.svg','مجوعه ورزشی پردیس cover image',1,26,'','placeholder','Generated by myGym placeholder command'),(27,'gyms/generated/27-tehran.svg','Tehran cover image',1,27,'','placeholder','Generated by myGym placeholder command'),(28,'gyms/generated/28-gym.svg','سالن ورزشی شهدای هفتم تیر cover image',1,28,'','placeholder','Generated by myGym placeholder command'),(29,'gyms/generated/29-gym.svg','مجموعه ورزشی بریانک cover image',1,29,'','placeholder','Generated by myGym placeholder command'),(30,'gyms/generated/30-gym.svg','مجتمع ورزشی حجاب cover image',1,30,'','placeholder','Generated by myGym placeholder command');
/*!40000 ALTER TABLE `gyms_gymimage` ENABLE KEYS */;
UNLOCK TABLES;

--
-- Table structure for table `gyms_importbatch`
--

DROP TABLE IF EXISTS `gyms_importbatch`;
/*!40101 SET @saved_cs_client     = @@character_set_client */;
/*!50503 SET character_set_client = utf8mb4 */;
CREATE TABLE `gyms_importbatch` (
  `id` bigint NOT NULL AUTO_INCREMENT,
  `source` varchar(50) COLLATE utf8mb4_unicode_ci NOT NULL,
  `city` varchar(100) COLLATE utf8mb4_unicode_ci NOT NULL,
  `country` varchar(100) COLLATE utf8mb4_unicode_ci NOT NULL,
  `query` longtext COLLATE utf8mb4_unicode_ci NOT NULL,
  `total_found` int unsigned NOT NULL,
  `total_created` int unsigned NOT NULL,
  `total_updated` int unsigned NOT NULL,
  `created_at` datetime(6) NOT NULL,
  `notes` longtext COLLATE utf8mb4_unicode_ci NOT NULL,
  PRIMARY KEY (`id`),
  CONSTRAINT `gyms_importbatch_chk_1` CHECK ((`total_found` >= 0)),
  CONSTRAINT `gyms_importbatch_chk_2` CHECK ((`total_created` >= 0)),
  CONSTRAINT `gyms_importbatch_chk_3` CHECK ((`total_updated` >= 0))
) ENGINE=InnoDB AUTO_INCREMENT=4 DEFAULT CHARSET=utf8mb4 COLLATE=utf8mb4_unicode_ci;
/*!40101 SET character_set_client = @saved_cs_client */;

--
-- Dumping data for table `gyms_importbatch`
--

LOCK TABLES `gyms_importbatch` WRITE;
/*!40000 ALTER TABLE `gyms_importbatch` DISABLE KEYS */;
INSERT INTO `gyms_importbatch` VALUES (1,'geoapify','Tabriz','Iran','https://api.geoapify.com/v2/places?categories=sport.fitness.fitness_centre%2Csport.fitness.gym%2Csport.sports_centre&filter=circle%3A46.2978789%2C38.0738612%2C25000&bias=proximity%3A46.2978789%2C38.0738612&limit=15&apiKey=***',15,15,0,'2026-06-19 18:08:25.956386','Imported via import_gyms_geoapify management command.'),(2,'geoapify','Tehran','Iran','https://api.geoapify.com/v2/places?categories=sport.fitness.fitness_centre%2Csport.fitness.gym%2Csport.sports_centre&filter=circle%3A51.3896004%2C35.6892523%2C25000&bias=proximity%3A51.3896004%2C35.6892523&limit=15&apiKey=***',15,15,0,'2026-06-19 18:08:38.483110','Imported via import_gyms_geoapify management command.'),(3,'geoapify','Tabriz','Iran','https://api.geoapify.com/v2/places?categories=sport.fitness.fitness_centre%2Csport.fitness.gym%2Csport.sports_centre&filter=circle%3A46.2978789%2C38.0738612%2C25000&bias=proximity%3A46.2978789%2C38.0738612&limit=15&apiKey=***',15,0,15,'2026-06-21 08:19:11.917738','Imported via import_gyms_geoapify management command.');
/*!40000 ALTER TABLE `gyms_importbatch` ENABLE KEYS */;
UNLOCK TABLES;

--
-- Table structure for table `gyms_membershipplan`
--

DROP TABLE IF EXISTS `gyms_membershipplan`;
/*!40101 SET @saved_cs_client     = @@character_set_client */;
/*!50503 SET character_set_client = utf8mb4 */;
CREATE TABLE `gyms_membershipplan` (
  `id` bigint NOT NULL AUTO_INCREMENT,
  `title` varchar(100) COLLATE utf8mb4_unicode_ci NOT NULL,
  `description` longtext COLLATE utf8mb4_unicode_ci NOT NULL,
  `price` decimal(8,2) NOT NULL,
  `duration_days` int unsigned NOT NULL,
  `is_trial` tinyint(1) NOT NULL,
  `gym_id` bigint NOT NULL,
  PRIMARY KEY (`id`),
  KEY `gyms_membershipplan_gym_id_4eb0656b_fk_gyms_gym_id` (`gym_id`),
  CONSTRAINT `gyms_membershipplan_gym_id_4eb0656b_fk_gyms_gym_id` FOREIGN KEY (`gym_id`) REFERENCES `gyms_gym` (`id`),
  CONSTRAINT `gyms_membershipplan_chk_1` CHECK ((`duration_days` >= 0))
) ENGINE=InnoDB AUTO_INCREMENT=61 DEFAULT CHARSET=utf8mb4 COLLATE=utf8mb4_unicode_ci;
/*!40101 SET character_set_client = @saved_cs_client */;

--
-- Dumping data for table `gyms_membershipplan`
--

LOCK TABLES `gyms_membershipplan` WRITE;
/*!40000 ALTER TABLE `gyms_membershipplan` DISABLE KEYS */;
INSERT INTO `gyms_membershipplan` VALUES (1,'Day Pass','Imported demo day access plan.',7.00,1,1,1),(2,'Monthly Access','Imported demo monthly plan.',39.00,30,0,1),(3,'Day Pass','Imported demo day access plan.',7.00,1,1,2),(4,'Monthly Access','Imported demo monthly plan.',39.00,30,0,2),(5,'Day Pass','Imported demo day access plan.',7.00,1,1,3),(6,'Monthly Access','Imported demo monthly plan.',39.00,30,0,3),(7,'Day Pass','Imported demo day access plan.',7.00,1,1,4),(8,'Monthly Access','Imported demo monthly plan.',39.00,30,0,4),(9,'Day Pass','Imported demo day access plan.',7.00,1,1,5),(10,'Monthly Access','Imported demo monthly plan.',39.00,30,0,5),(11,'Day Pass','Imported demo day access plan.',7.00,1,1,6),(12,'Monthly Access','Imported demo monthly plan.',39.00,30,0,6),(13,'Day Pass','Imported demo day access plan.',7.00,1,1,7),(14,'Monthly Access','Imported demo monthly plan.',39.00,30,0,7),(15,'Day Pass','Imported demo day access plan.',7.00,1,1,8),(16,'Monthly Access','Imported demo monthly plan.',39.00,30,0,8),(17,'Day Pass','Imported demo day access plan.',7.00,1,1,9),(18,'Monthly Access','Imported demo monthly plan.',39.00,30,0,9),(19,'Day Pass','Imported demo day access plan.',7.00,1,1,10),(20,'Monthly Access','Imported demo monthly plan.',39.00,30,0,10),(21,'Day Pass','Imported demo day access plan.',7.00,1,1,11),(22,'Monthly Access','Imported demo monthly plan.',39.00,30,0,11),(23,'Day Pass','Imported demo day access plan.',7.00,1,1,12),(24,'Monthly Access','Imported demo monthly plan.',39.00,30,0,12),(25,'Day Pass','Imported demo day access plan.',7.00,1,1,13),(26,'Monthly Access','Imported demo monthly plan.',39.00,30,0,13),(27,'Day Pass','Imported demo day access plan.',7.00,1,1,14),(28,'Monthly Access','Imported demo monthly plan.',39.00,30,0,14),(29,'Day Pass','Imported demo day access plan.',7.00,1,1,15),(30,'Monthly Access','Imported demo monthly plan.',39.00,30,0,15),(31,'Day Pass','Imported demo day access plan.',7.00,1,1,16),(32,'Monthly Access','Imported demo monthly plan.',39.00,30,0,16),(33,'Day Pass','Imported demo day access plan.',7.00,1,1,17),(34,'Monthly Access','Imported demo monthly plan.',39.00,30,0,17),(35,'Day Pass','Imported demo day access plan.',7.00,1,1,18),(36,'Monthly Access','Imported demo monthly plan.',39.00,30,0,18),(37,'Day Pass','Imported demo day access plan.',7.00,1,1,19),(38,'Monthly Access','Imported demo monthly plan.',39.00,30,0,19),(39,'Day Pass','Imported demo day access plan.',7.00,1,1,20),(40,'Monthly Access','Imported demo monthly plan.',39.00,30,0,20),(41,'Day Pass','Imported demo day access plan.',7.00,1,1,21),(42,'Monthly Access','Imported demo monthly plan.',39.00,30,0,21),(43,'Day Pass','Imported demo day access plan.',7.00,1,1,22),(44,'Monthly Access','Imported demo monthly plan.',39.00,30,0,22),(45,'Day Pass','Imported demo day access plan.',7.00,1,1,23),(46,'Monthly Access','Imported demo monthly plan.',39.00,30,0,23),(47,'Day Pass','Imported demo day access plan.',7.00,1,1,24),(48,'Monthly Access','Imported demo monthly plan.',39.00,30,0,24),(49,'Day Pass','Imported demo day access plan.',7.00,1,1,25),(50,'Monthly Access','Imported demo monthly plan.',39.00,30,0,25),(51,'Day Pass','Imported demo day access plan.',7.00,1,1,26),(52,'Monthly Access','Imported demo monthly plan.',39.00,30,0,26),(53,'Day Pass','Imported demo day access plan.',7.00,1,1,27),(54,'Monthly Access','Imported demo monthly plan.',39.00,30,0,27),(55,'Day Pass','Imported demo day access plan.',7.00,1,1,28),(56,'Monthly Access','Imported demo monthly plan.',39.00,30,0,28),(57,'Day Pass','Imported demo day access plan.',7.00,1,1,29),(58,'Monthly Access','Imported demo monthly plan.',39.00,30,0,29),(59,'Day Pass','Imported demo day access plan.',7.00,1,1,30),(60,'Monthly Access','Imported demo monthly plan.',39.00,30,0,30);
/*!40000 ALTER TABLE `gyms_membershipplan` ENABLE KEYS */;
UNLOCK TABLES;

--
-- Table structure for table `gyms_trainerprofile`
--

DROP TABLE IF EXISTS `gyms_trainerprofile`;
/*!40101 SET @saved_cs_client     = @@character_set_client */;
/*!50503 SET character_set_client = utf8mb4 */;
CREATE TABLE `gyms_trainerprofile` (
  `id` bigint NOT NULL AUTO_INCREMENT,
  `bio` longtext COLLATE utf8mb4_unicode_ci NOT NULL,
  `specialties` varchar(255) COLLATE utf8mb4_unicode_ci NOT NULL,
  `hourly_rate` decimal(8,2) DEFAULT NULL,
  `is_available` tinyint(1) NOT NULL,
  `gym_id` bigint NOT NULL,
  `user_id` bigint NOT NULL,
  PRIMARY KEY (`id`),
  UNIQUE KEY `user_id` (`user_id`),
  KEY `gyms_trainerprofile_gym_id_49b5c6c4_fk_gyms_gym_id` (`gym_id`),
  CONSTRAINT `gyms_trainerprofile_gym_id_49b5c6c4_fk_gyms_gym_id` FOREIGN KEY (`gym_id`) REFERENCES `gyms_gym` (`id`),
  CONSTRAINT `gyms_trainerprofile_user_id_6b57e0ad_fk_accounts_user_id` FOREIGN KEY (`user_id`) REFERENCES `accounts_user` (`id`)
) ENGINE=InnoDB DEFAULT CHARSET=utf8mb4 COLLATE=utf8mb4_unicode_ci;
/*!40101 SET character_set_client = @saved_cs_client */;

--
-- Dumping data for table `gyms_trainerprofile`
--

LOCK TABLES `gyms_trainerprofile` WRITE;
/*!40000 ALTER TABLE `gyms_trainerprofile` DISABLE KEYS */;
/*!40000 ALTER TABLE `gyms_trainerprofile` ENABLE KEYS */;
UNLOCK TABLES;

--
-- Table structure for table `notifications_notification`
--

DROP TABLE IF EXISTS `notifications_notification`;
/*!40101 SET @saved_cs_client     = @@character_set_client */;
/*!50503 SET character_set_client = utf8mb4 */;
CREATE TABLE `notifications_notification` (
  `id` bigint NOT NULL AUTO_INCREMENT,
  `kind` varchar(20) COLLATE utf8mb4_unicode_ci NOT NULL,
  `title` varchar(160) COLLATE utf8mb4_unicode_ci NOT NULL,
  `message` longtext COLLATE utf8mb4_unicode_ci NOT NULL,
  `url` varchar(255) COLLATE utf8mb4_unicode_ci NOT NULL,
  `is_read` tinyint(1) NOT NULL,
  `created_at` datetime(6) NOT NULL,
  `recipient_id` bigint NOT NULL,
  `sender_id` bigint DEFAULT NULL,
  PRIMARY KEY (`id`),
  KEY `notifications_notifi_recipient_id_d055f3f0_fk_accounts_` (`recipient_id`),
  KEY `notifications_notifi_sender_id_feea9ca3_fk_accounts_` (`sender_id`),
  CONSTRAINT `notifications_notifi_recipient_id_d055f3f0_fk_accounts_` FOREIGN KEY (`recipient_id`) REFERENCES `accounts_user` (`id`),
  CONSTRAINT `notifications_notifi_sender_id_feea9ca3_fk_accounts_` FOREIGN KEY (`sender_id`) REFERENCES `accounts_user` (`id`)
) ENGINE=InnoDB AUTO_INCREMENT=64 DEFAULT CHARSET=utf8mb4 COLLATE=utf8mb4_unicode_ci;
/*!40101 SET character_set_client = @saved_cs_client */;

--
-- Dumping data for table `notifications_notification`
--

LOCK TABLES `notifications_notification` WRITE;
/*!40000 ALTER TABLE `notifications_notification` DISABLE KEYS */;
INSERT INTO `notifications_notification` VALUES (1,'GYM','Gym approved','مجتمع ورزشی حجاب has been approved and is now public.','/gyms/geoapify_51d439e63fc5b2494059191fba0d09db4140f00102f9010681a13c0000000092031ed985d8acd8aad985d8b920d988d8b1d8b2d8b4db8c20d8add8acd/',0,'2026-06-19 18:17:26.410391',2,1),(2,'GYM','Gym approved','مجتمع ورزشی حجاب has been approved and is now public.','/gyms/geoapify_51d439e63fc5b2494059191fba0d09db4140f00102f9010681a13c0000000092031ed985d8acd8aad985d8b920d988d8b1d8b2d8b4db8c20d8add8acd/',0,'2026-06-19 18:17:26.932185',2,1),(3,'GYM','Gym approved','مجتمع ورزشی حجاب has been approved and is now public.','/gyms/geoapify_51d439e63fc5b2494059191fba0d09db4140f00102f9010681a13c0000000092031ed985d8acd8aad985d8b920d988d8b1d8b2d8b4db8c20d8add8acd/',0,'2026-06-19 18:17:27.641515',2,1),(4,'GYM','Gym approved','مجتمع ورزشی حجاب has been approved and is now public.','/gyms/geoapify_51d439e63fc5b2494059191fba0d09db4140f00102f9010681a13c0000000092031ed985d8acd8aad985d8b920d988d8b1d8b2d8b4db8c20d8add8acd/',0,'2026-06-19 18:17:28.163343',2,1),(5,'GYM','Gym approved','مجتمع ورزشی حجاب has been approved and is now public.','/gyms/geoapify_51d439e63fc5b2494059191fba0d09db4140f00102f9010681a13c0000000092031ed985d8acd8aad985d8b920d988d8b1d8b2d8b4db8c20d8add8acd/',0,'2026-06-19 18:17:28.635198',2,1),(6,'GYM','Gym approved','مجتمع ورزشی حجاب has been approved and is now public.','/gyms/geoapify_51d439e63fc5b2494059191fba0d09db4140f00102f9010681a13c0000000092031ed985d8acd8aad985d8b920d988d8b1d8b2d8b4db8c20d8add8acd/',0,'2026-06-19 18:17:29.144833',2,1),(7,'GYM','Gym approved','مجتمع ورزشی حجاب has been approved and is now public.','/gyms/geoapify_51d439e63fc5b2494059191fba0d09db4140f00102f9010681a13c0000000092031ed985d8acd8aad985d8b920d988d8b1d8b2d8b4db8c20d8add8acd/',0,'2026-06-19 18:17:29.505258',2,1),(8,'GYM','Gym approved','مجتمع ورزشی حجاب has been approved and is now public.','/gyms/geoapify_51d439e63fc5b2494059191fba0d09db4140f00102f9010681a13c0000000092031ed985d8acd8aad985d8b920d988d8b1d8b2d8b4db8c20d8add8acd/',0,'2026-06-19 18:17:30.004228',2,1),(9,'GYM','Gym approved','مجتمع ورزشی حجاب has been approved and is now public.','/gyms/geoapify_51d439e63fc5b2494059191fba0d09db4140f00102f9010681a13c0000000092031ed985d8acd8aad985d8b920d988d8b1d8b2d8b4db8c20d8add8acd/',0,'2026-06-19 18:17:30.429212',2,1),(10,'GYM','Gym approved','مجتمع ورزشی حجاب has been approved and is now public.','/gyms/geoapify_51d439e63fc5b2494059191fba0d09db4140f00102f9010681a13c0000000092031ed985d8acd8aad985d8b920d988d8b1d8b2d8b4db8c20d8add8acd/',0,'2026-06-19 18:17:30.992193',2,1),(11,'GYM','Gym approved','مجموعه ورزشی بریانک has been approved and is now public.','/gyms/geoapify_51b43cc637f3af49405900954975dcd54140f00102f901efbda13100000000920324d985d8acd985d988d8b9d98720d988d8b1d8b2d8b4db8c20d8a8d/',0,'2026-06-19 18:17:31.839607',2,1),(12,'GYM','Gym approved','سالن ورزشی شهدای هفتم تیر has been approved and is now public.','/gyms/geoapify_51c540b17542b5494059ba1faf39aad74140f00102f901fad3721c0000000092032ed8b3d8a7d984d98620d988d8b1d8b2d8b4db8c20d8b4d987d8afd/',0,'2026-06-19 18:17:33.715592',2,1),(13,'GYM','Gym approved','Tehran has been approved and is now public.','/gyms/tehran/',0,'2026-06-19 18:17:34.850838',2,1),(14,'GYM','Gym approved','مجوعه ورزشی پردیس has been approved and is now public.','/gyms/geoapify_5193572f5f6bb249405942c8d52480d54140f00102f901ae998f1a00000000920320d985d8acd988d8b9d98720d988d8b1d8b2d8b4db8c20d9bed8b1d/',0,'2026-06-19 18:17:35.661584',2,1),(15,'GYM','Gym approved','باشگاه ورزشی محمد رضا حیدریان has been approved and is now public.','/gyms/geoapify_519fd1b05ecaae494059e5c13d3727d74140f00102f9019884824600000000920336d8a8d8a7d8b4daafd8a7d98720d988d8b1d8b2d8b4db8c20d985d/',0,'2026-06-19 18:17:36.436142',2,1),(16,'GYM','Gym approved','هیات کوهنوردی و صعودهای ورزشی شمال غرب استان تهران has been approved and is now public.','/gyms/geoapify_51432a7b01acb4494059d2b47a3d4ed94140f00103f9010de896a50200000092035cd987db8cd8a7d8aa20daa9d988d987d986d988d8b1d8afdb8c20d/',0,'2026-06-19 18:17:37.136182',2,1),(17,'GYM','Gym approved','ورزشگاه شهید حیدرنیا has been approved and is now public.','/gyms/geoapify_5193903ff7a6b4494059841a3e2056d94140f00102f901ff711a1f00000000920326d988d8b1d8b2d8b4daafd8a7d98720d8b4d987db8cd8af20d8add/',0,'2026-06-19 18:17:37.983052',2,1),(18,'GYM','Gym approved','مجموعه ورزشی خوش has been approved and is now public.','/gyms/geoapify_5146a3a69b98af4940599877f36830d94140f00102f90120f1162d0000000092031ed985d8acd985d988d8b9d98720d988d8b1d8b2d8b4db8c20d8aed/',0,'2026-06-19 18:17:38.638093',2,1),(19,'GYM','Gym approved','مجموعه ورزشی دخانیات has been approved and is now public.','/gyms/geoapify_51fe11214a82b14940590bc6f15477d64140f00102f9010c2d9d1a00000000920326d985d8acd985d988d8b9d98720d988d8b1d8b2d8b4db8c20d8afd/',0,'2026-06-19 18:17:39.160647',2,1),(20,'GYM','Gym approved','سالن ورزشی طوفانی has been approved and is now public.','/gyms/geoapify_513140644639b049405951d56e6a1cd74140f00102f9017e42663c00000000920320d8b3d8a7d984d98620d988d8b1d8b2d8b4db8c20d8b7d988d981d/',0,'2026-06-19 18:17:39.776944',2,1),(21,'GYM','Gym approved','باشگاه ورزشی امداد has been approved and is now public.','/gyms/geoapify_5184c8337914b3494059f5a10bea5bd74140f00103f90141f0fbcb01000000920322d8a8d8a7d8b4daafd8a7d98720d988d8b1d8b2d8b4db8c20d8a7d/',0,'2026-06-19 18:17:40.311301',2,1),(22,'GYM','Gym approved','باشگاه ورزشی has been approved and is now public.','/gyms/geoapify_514c06369d53b3494059493ec0a442d84140f00103f9018f60501901000000920317d8a8d8a7d8b4daafd8a7d98720d988d8b1d8b2d8b4db8c/',0,'2026-06-19 18:17:40.877403',2,1),(23,'GYM','Gym approved','مجموعه ورزشی فرهنگیان has been approved and is now public.','/gyms/geoapify_51169d47963eb14940597f14ee5f48d74140f00102f901ae2d9d1a00000000920328d985d8acd985d988d8b9d98720d988d8b1d8b2d8b4db8c20d981d/',0,'2026-06-19 18:17:41.410685',2,1),(24,'GYM','Gym approved','مجموعه ورزشی نجفی has been approved and is now public.','/gyms/geoapify_51c46dae32f3b1494059851ac71b9ad84140f00102f901aae4603100000000920320d985d8acd985d988d8b9d98720d988d8b1d8b2d8b4db8c20d986d/',0,'2026-06-19 18:17:41.909574',2,1),(25,'GYM','Gym approved','استخر سرپوشیده دانشگاه علوم پزشکی has been approved and is now public.','/gyms/geoapify_51cafdbbaf6f2747405947e684d956074340f00102f901043f741d0000000092033ed8a7d8b3d8aad8aed8b120d8b3d8b1d9bed988d8b4db8cd8afd98/',0,'2026-06-19 18:17:42.378376',2,1),(26,'GYM','Gym approved','سالن ورزشی الزهرا has been approved and is now public.','/gyms/geoapify_51c398a98a7d234740599426441ea3084340f00102f901a452841d00000000920320d8b3d8a7d984d98620d988d8b1d8b2d8b4db8c20d8a7d984d8b2d/',0,'2026-06-19 18:17:42.796257',2,1),(27,'GYM','Gym approved','مجموعه ورزشی ایثار has been approved and is now public.','/gyms/geoapify_5133c33ebc6c28474059cb07bb33900a4340f00102f901c1355c1200000000920322d985d8acd985d988d8b9d98720d988d8b1d8b2d8b4db8c20d8a7d/',0,'2026-06-19 18:17:43.297125',2,1),(28,'GYM','Gym approved','سالن ورزشی بیلیارد has been approved and is now public.','/gyms/geoapify_51ec51b81e85284740593cf2ac495c0a4340f00103f9013cc63d4c01000000920322d8b3d8a7d984d98620d988d8b1d8b2d8b4db8c20d8a8db8cd984d/',0,'2026-06-19 18:17:43.742437',2,1),(29,'GYM','Gym approved','مجتمع ورزشی وحدت has been approved and is now public.','/gyms/geoapify_51eb707495ee23474059a56d57433d0a4340f00103f9017357fb290100000092031ed985d8acd8aad985d8b920d988d8b1d8b2d8b4db8c20d988d8add/',0,'2026-06-19 18:17:43.940559',2,1),(30,'GYM','Gym approved','استخر شهید مدنی has been approved and is now public.','/gyms/geoapify_51f0041b088c254740594c9e46481c0b4340f00102f901ecf25b1d0000000092031cd8a7d8b3d8aad8aed8b120d8b4d987db8cd8af20d985d8afd986d/',0,'2026-06-19 18:17:44.160960',2,1),(31,'GYM','Gym approved','سالن ورزشی دبیرستان امیرخیزی has been approved and is now public.','/gyms/geoapify_5184980e400125474059fb3566df27084340f00102f90183b50f1e00000000920335d8b3d8a7d984d98620d988d8b1d8b2d8b4db8c20d8afd8a8db8cd/',0,'2026-06-19 18:17:44.360127',2,1),(32,'GYM','Gym approved','سالن استخروسونای مدنی has been approved and is now public.','/gyms/geoapify_5154873e94c32547405934e5488ffe0a4340f00102f9015685a21e00000000920328d8b3d8a7d984d98620d8a7d8b3d8aad8aed8b1d988d8b3d988d98/',0,'2026-06-19 18:17:44.556900',2,1),(33,'GYM','Gym approved','استخر دلفین آبی has been approved and is now public.','/gyms/geoapify_519ed387896127474059ff147df43c0a4340f00103f901619eae210100000092031cd8a7d8b3d8aad8aed8b120d8afd984d981db8cd98620d8a2d8a8d/',0,'2026-06-19 18:17:44.930344',2,1),(34,'GYM','Gym approved','باشگاه فرهنگی و ورزشی آرارات تبریز has been approved and is now public.','/gyms/geoapify_513096eced9b244740592ca7760a1e094340f00102f90125ed971d0000000092033fd8a8d8a7d8b4daafd8a7d98720d981d8b1d987d986daafdb8c20d/',0,'2026-06-19 18:17:45.140509',2,1),(35,'GYM','Gym approved','سالن ورزشی قائم مقام has been approved and is now public.','/gyms/geoapify_514fd944c16726474059984a896e870a4340f00102f9016a4f631a00000000920325d8b3d8a7d984d98620d988d8b1d8b2d8b4db8c20d982d8a7d8a6d/',0,'2026-06-19 18:17:45.526548',2,1),(36,'GYM','Gym approved','سالن شش هزار نفری پورشریفی has been approved and is now public.','/gyms/geoapify_51f01a36faba264740592945f3318f084340f00102f901eb52dd1d00000000920330d8b3d8a7d984d98620d8b4d8b420d987d8b2d8a7d8b120d986d98/',0,'2026-06-19 18:17:45.743968',2,1),(37,'GYM','Gym approved','باشگاه گنجویان has been approved and is now public.','/gyms/geoapify_51f10748f2c8264740599f3639924e0a4340f00102f901c197261e0000000092031bd8a8d8a7d8b4daafd8a7d98720daafd986d8acd988db8cd8a7d98/',0,'2026-06-19 18:17:46.319535',2,1),(38,'GYM','Gym approved','Tabriz has been approved and is now public.','/gyms/tabriz/',0,'2026-06-19 18:17:46.677580',2,1),(39,'GYM','Gym approved','سالن ورزشی صمد اقدمی has been approved and is now public.','/gyms/geoapify_518a7b7bbcbd264740598590cc27b2084340f00102f901ec52dd1d00000000920325d8b3d8a7d984d98620d988d8b1d8b2d8b4db8c20d8b5d985d8af2/',0,'2026-06-19 18:17:47.010470',2,1),(40,'BOOKING','New booking request for مجتمع ورزشی حجاب','arad requested a visit at 2026-06-23 20:54:00.','/dashboard/owner/',1,'2026-06-23 16:24:13.912051',2,1),(41,'BOOKING','Booking request sent','Your booking request for مجتمع ورزشی حجاب is now pending.','/dashboard/customer/',1,'2026-06-23 16:24:13.914755',1,2),(42,'BOOKING','Booking confirmed','Your booking request for مجتمع ورزشی حجاب was confirmed.','/bookings/sessions/',1,'2026-06-23 16:32:54.041642',1,2),(43,'BOOKING','New booking request for مجتمع ورزشی حجاب','arad requested a visit at 2026-06-23 20:05:00.','/dashboard/owner/',1,'2026-06-23 16:35:30.547606',2,1),(44,'BOOKING','Booking request sent','Your booking request for مجتمع ورزشی حجاب is now pending.','/dashboard/customer/',0,'2026-06-23 16:35:30.549759',1,2),(45,'BOOKING','Booking confirmed','Your booking request for مجتمع ورزشی حجاب was confirmed.','/bookings/sessions/',1,'2026-06-23 16:35:45.622177',1,2),(46,'GYM','Gym approved','استخر سرپوشیده دانشگاه علوم پزشکی has been approved and is now public.','/gyms/geoapify_51cafdbbaf6f2747405947e684d956074340f00102f901043f741d0000000092033ed8a7d8b3d8aad8aed8b120d8b3d8b1d9bed988d8b4db8cd8afd98/',0,'2026-06-26 16:57:58.250669',2,1),(47,'GYM','Gym approved','سالن ورزشی الزهرا has been approved and is now public.','/gyms/geoapify_51c398a98a7d234740599426441ea3084340f00102f901a452841d00000000920320d8b3d8a7d984d98620d988d8b1d8b2d8b4db8c20d8a7d984d8b2d/',0,'2026-06-26 16:57:59.926536',2,1),(48,'GYM','Gym approved','مجموعه ورزشی ایثار has been approved and is now public.','/gyms/geoapify_5133c33ebc6c28474059cb07bb33900a4340f00102f901c1355c1200000000920322d985d8acd985d988d8b9d98720d988d8b1d8b2d8b4db8c20d8a7d/',0,'2026-06-26 16:58:00.417793',2,1),(49,'GYM','Gym approved','سالن ورزشی بیلیارد has been approved and is now public.','/gyms/geoapify_51ec51b81e85284740593cf2ac495c0a4340f00103f9013cc63d4c01000000920322d8b3d8a7d984d98620d988d8b1d8b2d8b4db8c20d8a8db8cd984d/',0,'2026-06-26 16:58:00.911714',2,1),(50,'GYM','Gym approved','مجتمع ورزشی وحدت has been approved and is now public.','/gyms/geoapify_51eb707495ee23474059a56d57433d0a4340f00103f9017357fb290100000092031ed985d8acd8aad985d8b920d988d8b1d8b2d8b4db8c20d988d8add/',0,'2026-06-26 16:58:01.422914',2,1),(51,'GYM','Gym approved','استخر شهید مدنی has been approved and is now public.','/gyms/geoapify_51f0041b088c254740594c9e46481c0b4340f00102f901ecf25b1d0000000092031cd8a7d8b3d8aad8aed8b120d8b4d987db8cd8af20d985d8afd986d/',0,'2026-06-26 16:58:01.851489',2,1),(52,'GYM','Gym approved','سالن ورزشی دبیرستان امیرخیزی has been approved and is now public.','/gyms/geoapify_5184980e400125474059fb3566df27084340f00102f90183b50f1e00000000920335d8b3d8a7d984d98620d988d8b1d8b2d8b4db8c20d8afd8a8db8cd/',0,'2026-06-26 16:58:02.336352',2,1),(53,'GYM','Gym approved','سالن استخروسونای مدنی has been approved and is now public.','/gyms/geoapify_5154873e94c32547405934e5488ffe0a4340f00102f9015685a21e00000000920328d8b3d8a7d984d98620d8a7d8b3d8aad8aed8b1d988d8b3d988d98/',0,'2026-06-26 16:58:04.079699',2,1),(54,'GYM','Gym approved','باشگاه فرهنگی و ورزشی آرارات تبریز has been approved and is now public.','/gyms/geoapify_513096eced9b244740592ca7760a1e094340f00102f90125ed971d0000000092033fd8a8d8a7d8b4daafd8a7d98720d981d8b1d987d986daafdb8c20d/',0,'2026-06-26 16:58:14.084579',2,1),(55,'GYM','Gym approved','استخر دلفین آبی has been approved and is now public.','/gyms/geoapify_519ed387896127474059ff147df43c0a4340f00103f901619eae210100000092031cd8a7d8b3d8aad8aed8b120d8afd984d981db8cd98620d8a2d8a8d/',0,'2026-06-26 16:58:14.698741',2,1),(56,'GYM','Gym approved','سالن ورزشی قائم مقام has been approved and is now public.','/gyms/geoapify_514fd944c16726474059984a896e870a4340f00102f9016a4f631a00000000920325d8b3d8a7d984d98620d988d8b1d8b2d8b4db8c20d982d8a7d8a6d/',0,'2026-06-26 16:58:15.480783',2,1),(57,'GYM','Gym approved','سالن شش هزار نفری پورشریفی has been approved and is now public.','/gyms/geoapify_51f01a36faba264740592945f3318f084340f00102f901eb52dd1d00000000920330d8b3d8a7d984d98620d8b4d8b420d987d8b2d8a7d8b120d986d98/',0,'2026-06-26 16:58:16.299926',2,1),(58,'GYM','Gym approved','باشگاه گنجویان has been approved and is now public.','/gyms/geoapify_51f10748f2c8264740599f3639924e0a4340f00102f901c197261e0000000092031bd8a8d8a7d8b4daafd8a7d98720daafd986d8acd988db8cd8a7d98/',0,'2026-06-26 16:58:22.619897',2,1),(59,'GYM','Gym approved','Tabriz has been approved and is now public.','/gyms/tabriz/',0,'2026-06-26 16:58:22.982659',2,1),(60,'GYM','Gym approved','سالن ورزشی صمد اقدمی has been approved and is now public.','/gyms/geoapify_518a7b7bbcbd264740598590cc27b2084340f00102f901ec52dd1d00000000920325d8b3d8a7d984d98620d988d8b1d8b2d8b4db8c20d8b5d985d8af2/',0,'2026-06-26 16:58:23.677672',2,1),(61,'BOOKING','New booking request for مجموعه ورزشی بریانک','arad requested a visit at 2026-06-26 20:31:00+02:00.','/dashboard/owner/',1,'2026-06-26 17:00:33.570916',2,1),(62,'BOOKING','Booking request sent','Your booking request for مجموعه ورزشی بریانک is now pending.','/dashboard/customer/',0,'2026-06-26 17:00:33.573465',1,2),(63,'BOOKING','Booking confirmed','Your booking request for مجموعه ورزشی بریانک was confirmed.','/bookings/sessions/',0,'2026-06-26 17:00:58.831007',1,2);
/*!40000 ALTER TABLE `notifications_notification` ENABLE KEYS */;
UNLOCK TABLES;

--
-- Table structure for table `reviews_favorite`
--

DROP TABLE IF EXISTS `reviews_favorite`;
/*!40101 SET @saved_cs_client     = @@character_set_client */;
/*!50503 SET character_set_client = utf8mb4 */;
CREATE TABLE `reviews_favorite` (
  `id` bigint NOT NULL AUTO_INCREMENT,
  `created_at` datetime(6) NOT NULL,
  `gym_id` bigint NOT NULL,
  `user_id` bigint NOT NULL,
  PRIMARY KEY (`id`),
  UNIQUE KEY `unique_favorite_per_user_gym` (`user_id`,`gym_id`),
  KEY `reviews_favorite_gym_id_1b3f7879_fk_gyms_gym_id` (`gym_id`),
  CONSTRAINT `reviews_favorite_gym_id_1b3f7879_fk_gyms_gym_id` FOREIGN KEY (`gym_id`) REFERENCES `gyms_gym` (`id`),
  CONSTRAINT `reviews_favorite_user_id_e8b00067_fk_accounts_user_id` FOREIGN KEY (`user_id`) REFERENCES `accounts_user` (`id`)
) ENGINE=InnoDB DEFAULT CHARSET=utf8mb4 COLLATE=utf8mb4_unicode_ci;
/*!40101 SET character_set_client = @saved_cs_client */;

--
-- Dumping data for table `reviews_favorite`
--

LOCK TABLES `reviews_favorite` WRITE;
/*!40000 ALTER TABLE `reviews_favorite` DISABLE KEYS */;
/*!40000 ALTER TABLE `reviews_favorite` ENABLE KEYS */;
UNLOCK TABLES;

--
-- Table structure for table `reviews_review`
--

DROP TABLE IF EXISTS `reviews_review`;
/*!40101 SET @saved_cs_client     = @@character_set_client */;
/*!50503 SET character_set_client = utf8mb4 */;
CREATE TABLE `reviews_review` (
  `id` bigint NOT NULL AUTO_INCREMENT,
  `rating` smallint unsigned NOT NULL,
  `comment` longtext COLLATE utf8mb4_unicode_ci NOT NULL,
  `is_visible` tinyint(1) NOT NULL,
  `created_at` datetime(6) NOT NULL,
  `gym_id` bigint NOT NULL,
  `user_id` bigint NOT NULL,
  PRIMARY KEY (`id`),
  UNIQUE KEY `unique_review_per_user_gym` (`user_id`,`gym_id`),
  KEY `reviews_review_gym_id_8aed25e5_fk_gyms_gym_id` (`gym_id`),
  CONSTRAINT `reviews_review_gym_id_8aed25e5_fk_gyms_gym_id` FOREIGN KEY (`gym_id`) REFERENCES `gyms_gym` (`id`),
  CONSTRAINT `reviews_review_user_id_875caff2_fk_accounts_user_id` FOREIGN KEY (`user_id`) REFERENCES `accounts_user` (`id`),
  CONSTRAINT `reviews_review_chk_1` CHECK ((`rating` >= 0))
) ENGINE=InnoDB AUTO_INCREMENT=561 DEFAULT CHARSET=utf8mb4 COLLATE=utf8mb4_unicode_ci;
/*!40101 SET character_set_client = @saved_cs_client */;

--
-- Dumping data for table `reviews_review`
--

LOCK TABLES `reviews_review` WRITE;
/*!40000 ALTER TABLE `reviews_review` DISABLE KEYS */;
INSERT INTO `reviews_review` VALUES (61,5,'Good training experience overall. I would come back again.',1,'2026-06-19 18:24:52.775818',13,103),(62,3,'Nice staff and location, but the equipment variety could improve.',1,'2026-06-19 18:24:52.777136',16,149),(63,3,'Useful facilities, although some parts could be more modern.',1,'2026-06-19 18:24:52.778310',7,71),(64,5,'Good training experience overall. I would come back again.',1,'2026-06-19 18:24:52.779653',30,130),(65,5,'The gym feels professional and welcoming for beginners and regulars.',1,'2026-06-19 18:24:52.780904',26,129),(66,4,'Nice place to train. The opening hours and facilities are useful.',1,'2026-06-19 18:24:52.782228',7,100),(67,5,'Great equipment selection and the location is very convenient.',1,'2026-06-19 18:24:52.783735',4,78),(68,5,'The gym feels professional and welcoming for beginners and regulars.',1,'2026-06-19 18:24:52.785244',28,148),(69,3,'Good gym overall, but it can get crowded at peak hours.',1,'2026-06-19 18:24:52.787036',28,61),(70,4,'Good value for the price and a motivating environment.',1,'2026-06-19 18:24:52.788652',4,67),(71,3,'Nice staff and location, but the equipment variety could improve.',1,'2026-06-19 18:24:52.790402',19,133),(72,5,'Good training experience overall. I would come back again.',1,'2026-06-19 18:24:52.792011',27,74),(73,4,'Clean gym, friendly staff, and good atmosphere for daily training.',1,'2026-06-19 18:24:52.793428',24,87),(74,5,'Solid gym with helpful service and enough space for workouts.',1,'2026-06-19 18:24:52.795233',13,82),(75,4,'Comfortable place with a practical setup and reliable equipment.',1,'2026-06-19 18:24:52.796707',27,108),(76,3,'Nice staff and location, but the equipment variety could improve.',1,'2026-06-19 18:24:52.798029',13,93),(77,5,'Good training experience overall. I would come back again.',1,'2026-06-19 18:24:52.799347',15,153),(78,4,'Nice place to train. The opening hours and facilities are useful.',1,'2026-06-19 18:24:52.800722',23,149),(79,5,'Good training experience overall. I would come back again.',1,'2026-06-19 18:24:52.802199',28,149),(80,3,'Nice staff and location, but the equipment variety could improve.',1,'2026-06-19 18:24:52.803487',24,126),(81,3,'Good gym overall, but it can get crowded at peak hours.',1,'2026-06-19 18:24:52.804691',3,94),(82,3,'Nice staff and location, but the equipment variety could improve.',1,'2026-06-19 18:24:52.805959',17,70),(83,3,'Decent training experience for the price.',1,'2026-06-19 18:24:52.807186',10,144),(84,5,'Nice place to train. The opening hours and facilities are useful.',1,'2026-06-19 18:24:52.808471',12,104),(85,5,'Good training experience overall. I would come back again.',1,'2026-06-19 18:24:52.809721',20,144),(86,4,'The gym feels professional and welcoming for beginners and regulars.',1,'2026-06-19 18:24:52.811319',18,126),(87,3,'Good gym overall, but it can get crowded at peak hours.',1,'2026-06-19 18:24:52.812908',14,142),(88,3,'Nice staff and location, but the equipment variety could improve.',1,'2026-06-19 18:24:52.814350',6,153),(89,4,'The gym feels professional and welcoming for beginners and regulars.',1,'2026-06-19 18:24:52.815684',8,135),(90,4,'Great equipment selection and the location is very convenient.',1,'2026-06-19 18:24:52.816935',21,77),(91,3,'Good gym overall, but it can get crowded at peak hours.',1,'2026-06-19 18:24:52.818104',3,120),(92,3,'Decent training experience for the price.',1,'2026-06-19 18:24:52.819315',11,60),(93,4,'Good training experience overall. I would come back again.',1,'2026-06-19 18:24:52.820561',25,76),(94,3,'Good gym overall, but it can get crowded at peak hours.',1,'2026-06-19 18:24:52.821791',20,148),(95,3,'Nice staff and location, but the equipment variety could improve.',1,'2026-06-19 18:24:52.822908',7,91),(96,5,'Great equipment selection and the location is very convenient.',1,'2026-06-19 18:24:52.824132',15,103),(97,5,'The gym feels professional and welcoming for beginners and regulars.',1,'2026-06-19 18:24:52.825526',5,106),(98,4,'Clean gym, friendly staff, and good atmosphere for daily training.',1,'2026-06-19 18:24:52.826973',12,138),(99,4,'Good training experience overall. I would come back again.',1,'2026-06-19 18:24:52.828172',30,78),(100,4,'Great equipment selection and the location is very convenient.',1,'2026-06-19 18:24:52.829312',12,121),(101,5,'Good value for the price and a motivating environment.',1,'2026-06-19 18:24:52.830429',13,96),(102,5,'Nice place to train. The opening hours and facilities are useful.',1,'2026-06-19 18:24:52.831557',17,121),(103,5,'Good training experience overall. I would come back again.',1,'2026-06-19 18:24:52.832670',6,71),(104,3,'Useful facilities, although some parts could be more modern.',1,'2026-06-19 18:24:52.833797',28,96),(105,4,'Solid gym with helpful service and enough space for workouts.',1,'2026-06-19 18:24:52.834923',9,72),(106,4,'Comfortable place with a practical setup and reliable equipment.',1,'2026-06-19 18:24:52.836040',9,77),(107,3,'Good gym overall, but it can get crowded at peak hours.',1,'2026-06-19 18:24:52.837163',29,79),(108,3,'Decent training experience for the price.',1,'2026-06-19 18:24:52.838281',15,150),(109,4,'Good training experience overall. I would come back again.',1,'2026-06-19 18:24:52.839413',23,126),(110,4,'Comfortable place with a practical setup and reliable equipment.',1,'2026-06-19 18:24:52.840545',4,139),(111,3,'Nice staff and location, but the equipment variety could improve.',1,'2026-06-19 18:24:52.841813',27,84),(112,4,'Good value for the price and a motivating environment.',1,'2026-06-19 18:24:52.843023',9,130),(113,5,'Comfortable place with a practical setup and reliable equipment.',1,'2026-06-19 18:24:52.844158',21,65),(114,5,'Good value for the price and a motivating environment.',1,'2026-06-19 18:24:52.845288',15,86),(115,4,'Great equipment selection and the location is very convenient.',1,'2026-06-19 18:24:52.846423',25,104),(116,3,'Nice staff and location, but the equipment variety could improve.',1,'2026-06-19 18:24:52.847549',7,97),(117,3,'Decent training experience for the price.',1,'2026-06-19 18:24:52.848683',24,124),(118,4,'Good training experience overall. I would come back again.',1,'2026-06-19 18:24:52.849818',15,77),(119,4,'Comfortable place with a practical setup and reliable equipment.',1,'2026-06-19 18:24:52.850946',5,71),(120,4,'Good training experience overall. I would come back again.',1,'2026-06-19 18:24:52.852086',8,70),(121,5,'Nice place to train. The opening hours and facilities are useful.',1,'2026-06-19 18:24:52.853206',11,149),(122,4,'The gym feels professional and welcoming for beginners and regulars.',1,'2026-06-19 18:24:52.854328',15,127),(123,5,'Good value for the price and a motivating environment.',1,'2026-06-19 18:24:52.855438',29,122),(124,4,'The gym feels professional and welcoming for beginners and regulars.',1,'2026-06-19 18:24:52.856619',2,155),(125,3,'Decent training experience for the price.',1,'2026-06-19 18:24:52.857901',20,124),(126,4,'Solid gym with helpful service and enough space for workouts.',1,'2026-06-19 18:24:52.859046',29,142),(127,5,'Comfortable place with a practical setup and reliable equipment.',1,'2026-06-19 18:24:52.860182',6,126),(128,5,'Good value for the price and a motivating environment.',1,'2026-06-19 18:24:52.861315',13,151),(129,4,'Good training experience overall. I would come back again.',1,'2026-06-19 18:24:52.862433',22,132),(130,4,'Good training experience overall. I would come back again.',1,'2026-06-19 18:24:52.863558',3,65),(131,4,'Great equipment selection and the location is very convenient.',1,'2026-06-19 18:24:52.864682',13,99),(132,5,'Good value for the price and a motivating environment.',1,'2026-06-19 18:24:52.865804',22,115),(133,5,'Nice place to train. The opening hours and facilities are useful.',1,'2026-06-19 18:24:52.866933',12,116),(134,5,'Clean gym, friendly staff, and good atmosphere for daily training.',1,'2026-06-19 18:24:52.868051',12,147),(135,5,'Comfortable place with a practical setup and reliable equipment.',1,'2026-06-19 18:24:52.869178',27,121),(136,5,'Good value for the price and a motivating environment.',1,'2026-06-19 18:24:52.870299',5,108),(137,4,'Solid gym with helpful service and enough space for workouts.',1,'2026-06-19 18:24:52.871421',18,150),(138,5,'Great equipment selection and the location is very convenient.',1,'2026-06-19 18:24:52.872541',8,144),(139,4,'Comfortable place with a practical setup and reliable equipment.',1,'2026-06-19 18:24:52.873672',1,147),(140,3,'Nice staff and location, but the equipment variety could improve.',1,'2026-06-19 18:24:52.874897',4,94),(141,3,'Nice staff and location, but the equipment variety could improve.',1,'2026-06-19 18:24:52.876287',15,95),(142,5,'Nice place to train. The opening hours and facilities are useful.',1,'2026-06-19 18:24:52.877464',4,71),(143,5,'Good training experience overall. I would come back again.',1,'2026-06-19 18:24:52.878609',30,151),(144,4,'Great equipment selection and the location is very convenient.',1,'2026-06-19 18:24:52.879732',4,109),(145,4,'Comfortable place with a practical setup and reliable equipment.',1,'2026-06-19 18:24:52.880857',15,98),(146,5,'Good training experience overall. I would come back again.',1,'2026-06-19 18:24:52.881981',1,151),(147,5,'Good training experience overall. I would come back again.',1,'2026-06-19 18:24:52.883104',16,144),(148,5,'Clean gym, friendly staff, and good atmosphere for daily training.',1,'2026-06-19 18:24:52.884230',14,124),(149,4,'Great equipment selection and the location is very convenient.',1,'2026-06-19 18:24:52.885349',1,82),(150,3,'Useful facilities, although some parts could be more modern.',1,'2026-06-19 18:24:52.886469',18,68),(151,5,'The gym feels professional and welcoming for beginners and regulars.',1,'2026-06-19 18:24:52.887610',1,157),(152,3,'Good gym overall, but it can get crowded at peak hours.',1,'2026-06-19 18:24:52.888909',5,151),(153,5,'Good training experience overall. I would come back again.',1,'2026-06-19 18:24:52.890245',20,69),(154,4,'Good training experience overall. I would come back again.',1,'2026-06-19 18:24:52.891411',5,61),(155,3,'Good gym overall, but it can get crowded at peak hours.',1,'2026-06-19 18:24:52.892547',16,79),(156,3,'Nice staff and location, but the equipment variety could improve.',1,'2026-06-19 18:24:52.893673',5,96),(157,3,'Useful facilities, although some parts could be more modern.',1,'2026-06-19 18:24:52.894793',24,152),(158,4,'The gym feels professional and welcoming for beginners and regulars.',1,'2026-06-19 18:24:52.895923',25,75),(159,4,'Comfortable place with a practical setup and reliable equipment.',1,'2026-06-19 18:24:52.897051',5,100),(160,5,'Nice place to train. The opening hours and facilities are useful.',1,'2026-06-19 18:24:52.898167',8,119),(161,4,'Clean gym, friendly staff, and good atmosphere for daily training.',1,'2026-06-19 18:24:52.899292',9,145),(162,4,'Great equipment selection and the location is very convenient.',1,'2026-06-19 18:24:52.900411',9,124),(163,4,'Good training experience overall. I would come back again.',1,'2026-06-19 18:24:52.901541',16,72),(164,3,'Good gym overall, but it can get crowded at peak hours.',1,'2026-06-19 18:24:52.902666',1,59),(165,5,'Nice place to train. The opening hours and facilities are useful.',1,'2026-06-19 18:24:52.903801',4,137),(166,4,'Solid gym with helpful service and enough space for workouts.',1,'2026-06-19 18:24:52.904995',19,141),(167,4,'Comfortable place with a practical setup and reliable equipment.',1,'2026-06-19 18:24:52.906153',30,64),(168,3,'Decent training experience for the price.',1,'2026-06-19 18:24:52.907282',25,85),(169,4,'Comfortable place with a practical setup and reliable equipment.',1,'2026-06-19 18:24:52.908410',10,59),(170,3,'Decent training experience for the price.',1,'2026-06-19 18:24:52.909526',19,117),(171,5,'Comfortable place with a practical setup and reliable equipment.',1,'2026-06-19 18:24:52.911475',9,146),(172,4,'Great equipment selection and the location is very convenient.',1,'2026-06-19 18:24:52.912637',4,65),(173,4,'Clean gym, friendly staff, and good atmosphere for daily training.',1,'2026-06-19 18:24:52.913772',25,86),(174,5,'Great equipment selection and the location is very convenient.',1,'2026-06-19 18:24:52.914890',12,105),(175,3,'Nice staff and location, but the equipment variety could improve.',1,'2026-06-19 18:24:52.916022',18,93),(176,5,'Great equipment selection and the location is very convenient.',1,'2026-06-19 18:24:52.917140',15,79),(177,5,'Nice place to train. The opening hours and facilities are useful.',1,'2026-06-19 18:24:52.918257',26,67),(178,5,'Good value for the price and a motivating environment.',1,'2026-06-19 18:24:52.919380',2,141),(179,5,'Nice place to train. The opening hours and facilities are useful.',1,'2026-06-19 18:24:52.920728',26,147),(180,5,'Nice place to train. The opening hours and facilities are useful.',1,'2026-06-19 18:24:52.921995',20,98),(181,4,'Good training experience overall. I would come back again.',1,'2026-06-19 18:24:52.923158',1,118),(182,4,'Good value for the price and a motivating environment.',1,'2026-06-19 18:24:52.924296',15,94),(183,4,'Nice place to train. The opening hours and facilities are useful.',1,'2026-06-19 18:24:52.925424',3,146),(184,3,'Decent training experience for the price.',1,'2026-06-19 18:24:52.927047',16,60),(185,4,'Clean gym, friendly staff, and good atmosphere for daily training.',1,'2026-06-19 18:24:52.928823',15,121),(186,5,'Good value for the price and a motivating environment.',1,'2026-06-19 18:24:52.930181',24,105),(187,4,'Good training experience overall. I would come back again.',1,'2026-06-19 18:24:52.931425',22,59),(188,4,'Clean gym, friendly staff, and good atmosphere for daily training.',1,'2026-06-19 18:24:52.932602',19,129),(189,5,'Good value for the price and a motivating environment.',1,'2026-06-19 18:24:52.933757',7,146),(190,3,'Nice staff and location, but the equipment variety could improve.',1,'2026-06-19 18:24:52.934921',11,93),(191,5,'Great equipment selection and the location is very convenient.',1,'2026-06-19 18:24:52.936191',27,138),(192,5,'Great equipment selection and the location is very convenient.',1,'2026-06-19 18:24:52.937401',27,111),(193,5,'Nice place to train. The opening hours and facilities are useful.',1,'2026-06-19 18:24:52.938584',9,86),(194,4,'The gym feels professional and welcoming for beginners and regulars.',1,'2026-06-19 18:24:52.940928',8,121),(195,3,'Decent training experience for the price.',1,'2026-06-19 18:24:52.942157',1,146),(196,3,'Nice staff and location, but the equipment variety could improve.',1,'2026-06-19 18:24:52.943320',5,114),(197,5,'Comfortable place with a practical setup and reliable equipment.',1,'2026-06-19 18:24:52.944477',21,125),(198,5,'The gym feels professional and welcoming for beginners and regulars.',1,'2026-06-19 18:24:52.945628',11,131),(199,5,'Good training experience overall. I would come back again.',1,'2026-06-19 18:24:52.946762',19,157),(200,5,'Good training experience overall. I would come back again.',1,'2026-06-19 18:24:52.947889',11,153),(201,5,'Great equipment selection and the location is very convenient.',1,'2026-06-19 18:24:52.949009',16,141),(202,4,'The gym feels professional and welcoming for beginners and regulars.',1,'2026-06-19 18:24:52.950127',27,96),(203,4,'Nice place to train. The opening hours and facilities are useful.',1,'2026-06-19 18:24:52.951248',18,148),(204,5,'Solid gym with helpful service and enough space for workouts.',1,'2026-06-19 18:24:52.952488',3,88),(205,5,'Great equipment selection and the location is very convenient.',1,'2026-06-19 18:24:52.953666',3,127),(206,5,'Nice place to train. The opening hours and facilities are useful.',1,'2026-06-19 18:24:52.954789',12,86),(207,4,'Great equipment selection and the location is very convenient.',1,'2026-06-19 18:24:52.955916',27,144),(208,3,'Nice staff and location, but the equipment variety could improve.',1,'2026-06-19 18:24:52.957040',23,86),(209,3,'Useful facilities, although some parts could be more modern.',1,'2026-06-19 18:24:52.958153',18,136),(210,4,'Nice place to train. The opening hours and facilities are useful.',1,'2026-06-19 18:24:52.959269',21,86),(211,5,'Good training experience overall. I would come back again.',1,'2026-06-19 18:24:52.960392',13,124),(212,4,'Nice place to train. The opening hours and facilities are useful.',1,'2026-06-19 18:24:52.961501',8,97),(213,5,'Good training experience overall. I would come back again.',1,'2026-06-19 18:24:52.962614',19,125),(214,4,'Nice place to train. The opening hours and facilities are useful.',1,'2026-06-19 18:24:52.963714',20,155),(215,4,'Nice place to train. The opening hours and facilities are useful.',1,'2026-06-19 18:24:52.964827',26,59),(216,5,'Nice place to train. The opening hours and facilities are useful.',1,'2026-06-19 18:24:52.965945',4,83),(217,4,'Solid gym with helpful service and enough space for workouts.',1,'2026-06-19 18:24:52.967062',12,73),(218,3,'Useful facilities, although some parts could be more modern.',1,'2026-06-19 18:24:52.968443',26,103),(219,4,'Comfortable place with a practical setup and reliable equipment.',1,'2026-06-19 18:24:52.969746',28,105),(220,5,'Clean gym, friendly staff, and good atmosphere for daily training.',1,'2026-06-19 18:24:52.970958',2,132),(221,4,'Clean gym, friendly staff, and good atmosphere for daily training.',1,'2026-06-19 18:24:52.972109',16,125),(222,4,'Nice place to train. The opening hours and facilities are useful.',1,'2026-06-19 18:24:52.973231',2,128),(223,3,'Decent training experience for the price.',1,'2026-06-19 18:24:52.974416',13,112),(224,5,'Comfortable place with a practical setup and reliable equipment.',1,'2026-06-19 18:24:52.975592',1,96),(225,4,'Comfortable place with a practical setup and reliable equipment.',1,'2026-06-19 18:24:52.976783',22,85),(226,4,'Comfortable place with a practical setup and reliable equipment.',1,'2026-06-19 18:24:52.977983',13,61),(227,4,'Nice place to train. The opening hours and facilities are useful.',1,'2026-06-19 18:24:52.979270',23,61),(228,3,'Good gym overall, but it can get crowded at peak hours.',1,'2026-06-19 18:24:52.980827',20,118),(229,3,'Nice staff and location, but the equipment variety could improve.',1,'2026-06-19 18:24:52.982271',13,127),(230,3,'Nice staff and location, but the equipment variety could improve.',1,'2026-06-19 18:24:52.983654',27,120),(231,3,'Nice staff and location, but the equipment variety could improve.',1,'2026-06-19 18:24:52.985312',3,131),(232,3,'Decent training experience for the price.',1,'2026-06-19 18:24:52.986690',27,139),(233,5,'Comfortable place with a practical setup and reliable equipment.',1,'2026-06-19 18:24:52.987929',24,75),(234,5,'Great equipment selection and the location is very convenient.',1,'2026-06-19 18:24:52.989129',9,151),(235,5,'Great equipment selection and the location is very convenient.',1,'2026-06-19 18:24:52.990998',25,127),(236,4,'The gym feels professional and welcoming for beginners and regulars.',1,'2026-06-19 18:24:52.992528',17,86),(237,5,'Clean gym, friendly staff, and good atmosphere for daily training.',1,'2026-06-19 18:24:52.994041',3,136),(238,5,'Comfortable place with a practical setup and reliable equipment.',1,'2026-06-19 18:24:52.995490',11,73),(239,5,'Good value for the price and a motivating environment.',1,'2026-06-19 18:24:52.997152',5,129),(240,4,'Great equipment selection and the location is very convenient.',1,'2026-06-19 18:24:52.998937',8,100),(241,5,'Good value for the price and a motivating environment.',1,'2026-06-19 18:24:53.000271',7,119),(242,4,'Clean gym, friendly staff, and good atmosphere for daily training.',1,'2026-06-19 18:24:53.001482',22,153),(243,4,'Solid gym with helpful service and enough space for workouts.',1,'2026-06-19 18:24:53.002742',26,60),(244,4,'Great equipment selection and the location is very convenient.',1,'2026-06-19 18:24:53.004554',2,142),(245,4,'Great equipment selection and the location is very convenient.',1,'2026-06-19 18:24:53.006723',25,90),(246,3,'Useful facilities, although some parts could be more modern.',1,'2026-06-19 18:24:53.008903',11,110),(247,5,'The gym feels professional and welcoming for beginners and regulars.',1,'2026-06-19 18:24:53.010516',19,104),(248,5,'Good training experience overall. I would come back again.',1,'2026-06-19 18:24:53.011939',15,87),(249,3,'Useful facilities, although some parts could be more modern.',1,'2026-06-19 18:24:53.013215',1,112),(250,3,'Useful facilities, although some parts could be more modern.',1,'2026-06-19 18:24:53.014506',20,145),(251,3,'Nice staff and location, but the equipment variety could improve.',1,'2026-06-19 18:24:53.015800',15,111),(252,5,'Solid gym with helpful service and enough space for workouts.',1,'2026-06-19 18:24:53.018162',16,122),(253,5,'Nice place to train. The opening hours and facilities are useful.',1,'2026-06-19 18:24:53.020999',11,129),(254,4,'Solid gym with helpful service and enough space for workouts.',1,'2026-06-19 18:24:53.024143',5,75),(255,4,'Solid gym with helpful service and enough space for workouts.',1,'2026-06-19 18:24:53.026030',17,152),(256,5,'Great equipment selection and the location is very convenient.',1,'2026-06-19 18:24:53.028077',26,91),(257,3,'Decent training experience for the price.',1,'2026-06-19 18:24:53.029731',15,156),(258,3,'Nice staff and location, but the equipment variety could improve.',1,'2026-06-19 18:24:53.031095',1,92),(259,5,'Nice place to train. The opening hours and facilities are useful.',1,'2026-06-19 18:24:53.034142',27,141),(260,5,'Nice place to train. The opening hours and facilities are useful.',1,'2026-06-19 18:24:53.035569',10,142),(261,3,'Useful facilities, although some parts could be more modern.',1,'2026-06-19 18:24:53.037067',3,110),(262,5,'The gym feels professional and welcoming for beginners and regulars.',1,'2026-06-19 18:24:53.038607',21,59),(263,3,'Decent training experience for the price.',1,'2026-06-19 18:24:53.040745',8,108),(264,4,'Nice place to train. The opening hours and facilities are useful.',1,'2026-06-19 18:24:53.042675',25,71),(265,5,'Solid gym with helpful service and enough space for workouts.',1,'2026-06-19 18:24:53.044215',9,79),(266,5,'Good training experience overall. I would come back again.',1,'2026-06-19 18:24:53.045616',11,133),(267,4,'Comfortable place with a practical setup and reliable equipment.',1,'2026-06-19 18:24:53.047004',14,106),(268,3,'Good gym overall, but it can get crowded at peak hours.',1,'2026-06-19 18:24:53.048334',3,81),(269,4,'Solid gym with helpful service and enough space for workouts.',1,'2026-06-19 18:24:53.049743',21,101),(270,5,'The gym feels professional and welcoming for beginners and regulars.',1,'2026-06-19 18:24:53.051057',16,63),(271,4,'Comfortable place with a practical setup and reliable equipment.',1,'2026-06-19 18:24:53.052364',12,67),(272,4,'Clean gym, friendly staff, and good atmosphere for daily training.',1,'2026-06-19 18:24:53.053815',23,76),(273,5,'Great equipment selection and the location is very convenient.',1,'2026-06-19 18:24:53.055599',1,137),(274,5,'Comfortable place with a practical setup and reliable equipment.',1,'2026-06-19 18:24:53.057585',8,132),(275,5,'The gym feels professional and welcoming for beginners and regulars.',1,'2026-06-19 18:24:53.059724',18,144),(276,3,'Decent training experience for the price.',1,'2026-06-19 18:24:53.061086',30,136),(277,3,'Decent training experience for the price.',1,'2026-06-19 18:24:53.062291',1,77),(278,3,'Decent training experience for the price.',1,'2026-06-19 18:24:53.063476',7,60),(279,4,'The gym feels professional and welcoming for beginners and regulars.',1,'2026-06-19 18:24:53.064818',21,141),(280,4,'The gym feels professional and welcoming for beginners and regulars.',1,'2026-06-19 18:24:53.066209',9,81),(281,5,'Nice place to train. The opening hours and facilities are useful.',1,'2026-06-19 18:24:53.068228',29,145),(282,5,'Comfortable place with a practical setup and reliable equipment.',1,'2026-06-19 18:24:53.069886',7,84),(283,4,'Clean gym, friendly staff, and good atmosphere for daily training.',1,'2026-06-19 18:24:53.071608',7,120),(284,3,'Good gym overall, but it can get crowded at peak hours.',1,'2026-06-19 18:24:53.073519',8,153),(285,5,'Comfortable place with a practical setup and reliable equipment.',1,'2026-06-19 18:24:53.074886',9,113),(286,3,'Good gym overall, but it can get crowded at peak hours.',1,'2026-06-19 18:24:53.076402',11,151),(287,3,'Decent training experience for the price.',1,'2026-06-19 18:24:53.077831',30,152),(288,4,'Clean gym, friendly staff, and good atmosphere for daily training.',1,'2026-06-19 18:24:53.079150',10,85),(289,4,'Good value for the price and a motivating environment.',1,'2026-06-19 18:24:53.080504',26,99),(290,5,'Nice place to train. The opening hours and facilities are useful.',1,'2026-06-19 18:24:53.082228',28,95),(291,5,'Solid gym with helpful service and enough space for workouts.',1,'2026-06-19 18:24:53.084739',15,62),(292,3,'Nice staff and location, but the equipment variety could improve.',1,'2026-06-19 18:24:53.087281',10,107),(293,3,'Nice staff and location, but the equipment variety could improve.',1,'2026-06-19 18:24:53.089155',22,120),(294,4,'Great equipment selection and the location is very convenient.',1,'2026-06-19 18:24:53.090788',29,116),(295,4,'Nice place to train. The opening hours and facilities are useful.',1,'2026-06-19 18:24:53.092199',11,145),(296,3,'Decent training experience for the price.',1,'2026-06-19 18:24:53.093651',7,110),(297,5,'Solid gym with helpful service and enough space for workouts.',1,'2026-06-19 18:24:53.095084',16,97),(298,5,'Good value for the price and a motivating environment.',1,'2026-06-19 18:24:53.096863',9,141),(299,4,'Great equipment selection and the location is very convenient.',1,'2026-06-19 18:24:53.098361',20,70),(300,5,'Great equipment selection and the location is very convenient.',1,'2026-06-19 18:24:53.099648',18,140),(301,3,'Useful facilities, although some parts could be more modern.',1,'2026-06-19 18:24:53.100875',26,128),(302,4,'Great equipment selection and the location is very convenient.',1,'2026-06-19 18:24:53.102118',5,77),(303,3,'Useful facilities, although some parts could be more modern.',1,'2026-06-19 18:24:53.103386',6,154),(304,5,'Comfortable place with a practical setup and reliable equipment.',1,'2026-06-19 18:24:53.104728',18,96),(305,3,'Good gym overall, but it can get crowded at peak hours.',1,'2026-06-19 18:24:53.106115',11,99),(306,5,'The gym feels professional and welcoming for beginners and regulars.',1,'2026-06-19 18:24:53.107428',11,64),(307,3,'Decent training experience for the price.',1,'2026-06-19 18:24:53.108716',20,73),(308,5,'Nice place to train. The opening hours and facilities are useful.',1,'2026-06-19 18:24:53.109955',18,73),(309,4,'Great equipment selection and the location is very convenient.',1,'2026-06-19 18:24:53.111260',2,126),(310,3,'Decent training experience for the price.',1,'2026-06-19 18:24:53.112742',28,111),(311,3,'Good gym overall, but it can get crowded at peak hours.',1,'2026-06-19 18:24:53.114110',22,97),(312,3,'Nice staff and location, but the equipment variety could improve.',1,'2026-06-19 18:24:53.115967',30,133),(313,4,'Solid gym with helpful service and enough space for workouts.',1,'2026-06-19 18:24:53.117450',1,114),(314,3,'Decent training experience for the price.',1,'2026-06-19 18:24:53.118685',7,107),(315,3,'Useful facilities, although some parts could be more modern.',1,'2026-06-19 18:24:53.119869',28,132),(316,3,'Good gym overall, but it can get crowded at peak hours.',1,'2026-06-19 18:24:53.121052',17,122),(317,5,'Nice place to train. The opening hours and facilities are useful.',1,'2026-06-19 18:24:53.122237',3,107),(318,4,'The gym feels professional and welcoming for beginners and regulars.',1,'2026-06-19 18:24:53.123506',10,99),(319,5,'Good value for the price and a motivating environment.',1,'2026-06-19 18:24:53.124688',10,156),(320,5,'Nice place to train. The opening hours and facilities are useful.',1,'2026-06-19 18:24:53.125842',25,146),(321,4,'Comfortable place with a practical setup and reliable equipment.',1,'2026-06-19 18:24:53.127000',3,106),(322,3,'Good gym overall, but it can get crowded at peak hours.',1,'2026-06-19 18:24:53.128149',8,122),(323,3,'Useful facilities, although some parts could be more modern.',1,'2026-06-19 18:24:53.129282',10,124),(324,3,'Decent training experience for the price.',1,'2026-06-19 18:24:53.130478',22,98),(325,4,'Good training experience overall. I would come back again.',1,'2026-06-19 18:24:53.131664',8,106),(326,4,'Nice place to train. The opening hours and facilities are useful.',1,'2026-06-19 18:24:53.132821',5,90),(327,3,'Nice staff and location, but the equipment variety could improve.',1,'2026-06-19 18:24:53.133961',26,157),(328,5,'Great equipment selection and the location is very convenient.',1,'2026-06-19 18:24:53.135111',9,110),(329,3,'Nice staff and location, but the equipment variety could improve.',1,'2026-06-19 18:24:53.136244',1,106),(330,5,'Clean gym, friendly staff, and good atmosphere for daily training.',1,'2026-06-19 18:24:53.137382',30,62),(331,5,'Solid gym with helpful service and enough space for workouts.',1,'2026-06-19 18:24:53.138531',15,66),(332,3,'Useful facilities, although some parts could be more modern.',1,'2026-06-19 18:24:53.139808',4,157),(333,5,'Good training experience overall. I would come back again.',1,'2026-06-19 18:24:53.141158',30,156),(334,4,'Clean gym, friendly staff, and good atmosphere for daily training.',1,'2026-06-19 18:24:53.142376',13,83),(335,3,'Decent training experience for the price.',1,'2026-06-19 18:24:53.143561',13,137),(336,4,'Great equipment selection and the location is very convenient.',1,'2026-06-19 18:24:53.144739',2,130),(337,3,'Decent training experience for the price.',1,'2026-06-19 18:24:53.145902',26,90),(338,5,'Great equipment selection and the location is very convenient.',1,'2026-06-19 18:24:53.147073',24,76),(339,5,'Clean gym, friendly staff, and good atmosphere for daily training.',1,'2026-06-19 18:24:53.148232',5,60),(340,4,'The gym feels professional and welcoming for beginners and regulars.',1,'2026-06-19 18:24:53.149399',11,72),(341,3,'Decent training experience for the price.',1,'2026-06-19 18:24:53.150555',4,63),(342,5,'Good training experience overall. I would come back again.',1,'2026-06-19 18:24:53.151706',12,98),(343,4,'Nice place to train. The opening hours and facilities are useful.',1,'2026-06-19 18:24:53.152897',5,66),(344,4,'Great equipment selection and the location is very convenient.',1,'2026-06-19 18:24:53.154071',28,123),(345,3,'Good gym overall, but it can get crowded at peak hours.',1,'2026-06-19 18:24:53.155803',19,119),(346,3,'Nice staff and location, but the equipment variety could improve.',1,'2026-06-19 18:24:53.157055',23,142),(347,3,'Good gym overall, but it can get crowded at peak hours.',1,'2026-06-19 18:24:53.158224',25,84),(348,3,'Decent training experience for the price.',1,'2026-06-19 18:24:53.159371',29,135),(349,5,'Solid gym with helpful service and enough space for workouts.',1,'2026-06-19 18:24:53.160512',13,101),(350,5,'Good training experience overall. I would come back again.',1,'2026-06-19 18:24:53.161657',16,109),(351,4,'Good training experience overall. I would come back again.',1,'2026-06-19 18:24:53.162800',22,144),(352,3,'Useful facilities, although some parts could be more modern.',1,'2026-06-19 18:24:53.163936',20,133),(353,4,'Great equipment selection and the location is very convenient.',1,'2026-06-19 18:24:53.165093',3,116),(354,4,'Great equipment selection and the location is very convenient.',1,'2026-06-19 18:24:53.166238',3,68),(355,5,'Good value for the price and a motivating environment.',1,'2026-06-19 18:24:53.167372',8,66),(356,3,'Nice staff and location, but the equipment variety could improve.',1,'2026-06-19 18:24:53.168536',6,125),(357,4,'Great equipment selection and the location is very convenient.',1,'2026-06-19 18:24:53.169684',22,123),(358,4,'Good training experience overall. I would come back again.',1,'2026-06-19 18:24:53.170844',16,114),(359,5,'Good value for the price and a motivating environment.',1,'2026-06-19 18:24:53.171994',18,116),(360,3,'Useful facilities, although some parts could be more modern.',1,'2026-06-19 18:24:53.173146',4,70),(361,3,'Decent training experience for the price.',1,'2026-06-19 18:24:53.174463',26,120),(362,3,'Decent training experience for the price.',1,'2026-06-19 18:24:53.175828',6,61),(363,5,'Clean gym, friendly staff, and good atmosphere for daily training.',1,'2026-06-19 18:24:53.177016',5,91),(364,4,'Nice place to train. The opening hours and facilities are useful.',1,'2026-06-19 18:24:53.178170',27,85),(365,3,'Good gym overall, but it can get crowded at peak hours.',1,'2026-06-19 18:24:53.179308',27,132),(366,5,'Nice place to train. The opening hours and facilities are useful.',1,'2026-06-19 18:24:53.180453',25,121),(367,5,'Clean gym, friendly staff, and good atmosphere for daily training.',1,'2026-06-19 18:24:53.181594',10,72),(368,3,'Decent training experience for the price.',1,'2026-06-19 18:24:53.182742',12,140),(369,4,'Solid gym with helpful service and enough space for workouts.',1,'2026-06-19 18:24:53.183882',14,90),(370,3,'Nice staff and location, but the equipment variety could improve.',1,'2026-06-19 18:24:53.185095',28,93),(371,3,'Nice staff and location, but the equipment variety could improve.',1,'2026-06-19 18:24:53.186290',6,109),(372,5,'Great equipment selection and the location is very convenient.',1,'2026-06-19 18:24:53.187469',16,153),(373,3,'Nice staff and location, but the equipment variety could improve.',1,'2026-06-19 18:24:53.188610',30,107),(374,4,'Solid gym with helpful service and enough space for workouts.',1,'2026-06-19 18:24:53.189750',15,104),(375,5,'Great equipment selection and the location is very convenient.',1,'2026-06-19 18:24:53.190875',24,97),(376,4,'Great equipment selection and the location is very convenient.',1,'2026-06-19 18:24:53.192004',2,124),(377,4,'Comfortable place with a practical setup and reliable equipment.',1,'2026-06-19 18:24:53.193123',26,84),(378,5,'The gym feels professional and welcoming for beginners and regulars.',1,'2026-06-19 18:24:53.194246',10,61),(379,3,'Decent training experience for the price.',1,'2026-06-19 18:24:53.195363',15,119),(380,5,'Nice place to train. The opening hours and facilities are useful.',1,'2026-06-19 18:24:53.196492',30,65),(381,4,'Nice place to train. The opening hours and facilities are useful.',1,'2026-06-19 18:24:53.197612',28,90),(382,4,'Great equipment selection and the location is very convenient.',1,'2026-06-19 18:24:53.198731',11,152),(383,5,'Great equipment selection and the location is very convenient.',1,'2026-06-19 18:24:53.199854',14,77),(384,3,'Good gym overall, but it can get crowded at peak hours.',1,'2026-06-19 18:24:53.201146',1,94),(385,3,'Good gym overall, but it can get crowded at peak hours.',1,'2026-06-19 18:24:53.202314',24,111),(386,3,'Good gym overall, but it can get crowded at peak hours.',1,'2026-06-19 18:24:53.203453',30,76),(387,4,'The gym feels professional and welcoming for beginners and regulars.',1,'2026-06-19 18:24:53.204585',22,141),(388,4,'Nice place to train. The opening hours and facilities are useful.',1,'2026-06-19 18:24:53.205706',1,127),(389,3,'Good gym overall, but it can get crowded at peak hours.',1,'2026-06-19 18:24:53.206867',9,122),(390,5,'Good training experience overall. I would come back again.',1,'2026-06-19 18:24:53.207996',24,92),(391,3,'Nice staff and location, but the equipment variety could improve.',1,'2026-06-19 18:24:53.209124',30,98),(392,3,'Decent training experience for the price.',1,'2026-06-19 18:24:53.211153',26,108),(393,5,'The gym feels professional and welcoming for beginners and regulars.',1,'2026-06-19 18:24:53.212331',20,83),(394,4,'Great equipment selection and the location is very convenient.',1,'2026-06-19 18:24:53.213477',22,140),(395,5,'The gym feels professional and welcoming for beginners and regulars.',1,'2026-06-19 18:24:53.214627',30,137),(396,3,'Good gym overall, but it can get crowded at peak hours.',1,'2026-06-19 18:24:53.215780',7,96),(397,3,'Useful facilities, although some parts could be more modern.',1,'2026-06-19 18:24:53.217052',12,59),(398,5,'Clean gym, friendly staff, and good atmosphere for daily training.',1,'2026-06-19 18:24:53.218533',12,112),(399,4,'Great equipment selection and the location is very convenient.',1,'2026-06-19 18:24:53.219815',27,66),(400,4,'Solid gym with helpful service and enough space for workouts.',1,'2026-06-19 18:24:53.221018',8,81),(401,4,'The gym feels professional and welcoming for beginners and regulars.',1,'2026-06-19 18:24:53.222163',2,102),(402,3,'Decent training experience for the price.',1,'2026-06-19 18:24:53.223307',20,138),(403,3,'Nice staff and location, but the equipment variety could improve.',1,'2026-06-19 18:24:53.224479',10,79),(404,3,'Nice staff and location, but the equipment variety could improve.',1,'2026-06-19 18:24:53.225645',12,155),(405,5,'Solid gym with helpful service and enough space for workouts.',1,'2026-06-19 18:24:53.226822',7,153),(406,5,'Good value for the price and a motivating environment.',1,'2026-06-19 18:24:53.227984',13,87),(407,4,'The gym feels professional and welcoming for beginners and regulars.',1,'2026-06-19 18:24:53.229155',24,109),(408,5,'Comfortable place with a practical setup and reliable equipment.',1,'2026-06-19 18:24:53.230382',23,115),(409,3,'Useful facilities, although some parts could be more modern.',1,'2026-06-19 18:24:53.231544',29,93),(410,3,'Good gym overall, but it can get crowded at peak hours.',1,'2026-06-19 18:24:53.232788',21,111),(411,4,'Clean gym, friendly staff, and good atmosphere for daily training.',1,'2026-06-19 18:24:53.234008',20,80),(412,3,'Nice staff and location, but the equipment variety could improve.',1,'2026-06-19 18:24:53.235171',13,84),(413,5,'Clean gym, friendly staff, and good atmosphere for daily training.',1,'2026-06-19 18:24:53.236312',20,143),(414,4,'Clean gym, friendly staff, and good atmosphere for daily training.',1,'2026-06-19 18:24:53.237444',9,150),(415,5,'Good training experience overall. I would come back again.',1,'2026-06-19 18:24:53.238581',30,97),(416,5,'Solid gym with helpful service and enough space for workouts.',1,'2026-06-19 18:24:53.239716',15,145),(417,3,'Useful facilities, although some parts could be more modern.',1,'2026-06-19 18:24:53.240855',17,66),(418,5,'Good value for the price and a motivating environment.',1,'2026-06-19 18:24:53.241987',30,142),(419,4,'Comfortable place with a practical setup and reliable equipment.',1,'2026-06-19 18:24:53.243116',12,92),(420,3,'Useful facilities, although some parts could be more modern.',1,'2026-06-19 18:24:53.244243',28,133),(421,5,'Solid gym with helpful service and enough space for workouts.',1,'2026-06-19 18:24:53.245367',7,126),(422,3,'Good gym overall, but it can get crowded at peak hours.',1,'2026-06-19 18:24:53.246487',5,68),(423,3,'Decent training experience for the price.',1,'2026-06-19 18:24:53.247610',18,120),(424,5,'The gym feels professional and welcoming for beginners and regulars.',1,'2026-06-19 18:24:53.248853',23,112),(425,4,'Great equipment selection and the location is very convenient.',1,'2026-06-19 18:24:53.250002',20,82),(426,5,'Great equipment selection and the location is very convenient.',1,'2026-06-19 18:24:53.251133',17,77),(427,5,'Nice place to train. The opening hours and facilities are useful.',1,'2026-06-19 18:24:53.252256',20,88),(428,5,'Good training experience overall. I would come back again.',1,'2026-06-19 18:24:53.253376',17,74),(429,3,'Good gym overall, but it can get crowded at peak hours.',1,'2026-06-19 18:24:53.254506',8,82),(430,4,'Nice place to train. The opening hours and facilities are useful.',1,'2026-06-19 18:24:53.255610',30,121),(431,3,'Nice staff and location, but the equipment variety could improve.',1,'2026-06-19 18:24:53.256739',9,152),(432,4,'The gym feels professional and welcoming for beginners and regulars.',1,'2026-06-19 18:24:53.257854',22,114),(433,4,'The gym feels professional and welcoming for beginners and regulars.',1,'2026-06-19 18:24:53.258988',27,127),(434,4,'Comfortable place with a practical setup and reliable equipment.',1,'2026-06-19 18:24:53.260105',4,128),(435,4,'Good value for the price and a motivating environment.',1,'2026-06-19 18:24:53.261239',25,111),(436,3,'Useful facilities, although some parts could be more modern.',1,'2026-06-19 18:24:53.262350',26,85),(437,3,'Good gym overall, but it can get crowded at peak hours.',1,'2026-06-19 18:24:53.263467',15,120),(438,3,'Good gym overall, but it can get crowded at peak hours.',1,'2026-06-19 18:24:53.264801',29,83),(439,3,'Decent training experience for the price.',1,'2026-06-19 18:24:53.265992',30,114),(440,4,'The gym feels professional and welcoming for beginners and regulars.',1,'2026-06-19 18:24:53.267126',29,140),(441,4,'Great equipment selection and the location is very convenient.',1,'2026-06-19 18:24:53.268257',29,147),(442,5,'The gym feels professional and welcoming for beginners and regulars.',1,'2026-06-19 18:24:53.269413',6,68),(443,3,'Decent training experience for the price.',1,'2026-06-19 18:24:53.270543',23,129),(444,4,'Comfortable place with a practical setup and reliable equipment.',1,'2026-06-19 18:24:53.271686',24,85),(445,4,'Great equipment selection and the location is very convenient.',1,'2026-06-19 18:24:53.272838',22,91),(446,3,'Useful facilities, although some parts could be more modern.',1,'2026-06-19 18:24:53.274004',22,77),(447,5,'Solid gym with helpful service and enough space for workouts.',1,'2026-06-19 18:24:53.275159',21,150),(448,5,'Clean gym, friendly staff, and good atmosphere for daily training.',1,'2026-06-19 18:24:53.276310',21,155),(449,3,'Nice staff and location, but the equipment variety could improve.',1,'2026-06-19 18:24:53.277458',30,153),(450,3,'Good gym overall, but it can get crowded at peak hours.',1,'2026-06-19 18:24:53.278608',30,77),(451,5,'Good value for the price and a motivating environment.',1,'2026-06-19 18:24:53.279753',6,124),(452,4,'Good training experience overall. I would come back again.',1,'2026-06-19 18:24:53.280875',14,73),(453,5,'Clean gym, friendly staff, and good atmosphere for daily training.',1,'2026-06-19 18:24:53.281997',26,141),(454,5,'Solid gym with helpful service and enough space for workouts.',1,'2026-06-19 18:24:53.283117',29,78),(455,4,'Nice place to train. The opening hours and facilities are useful.',1,'2026-06-19 18:24:53.284243',11,142),(456,3,'Decent training experience for the price.',1,'2026-06-19 18:24:53.285363',15,69),(457,4,'Good value for the price and a motivating environment.',1,'2026-06-19 18:24:53.286486',9,65),(458,3,'Decent training experience for the price.',1,'2026-06-19 18:24:53.287618',8,113),(459,3,'Useful facilities, although some parts could be more modern.',1,'2026-06-19 18:24:53.288750',14,91),(460,3,'Good gym overall, but it can get crowded at peak hours.',1,'2026-06-19 18:24:53.289881',17,142),(461,3,'Useful facilities, although some parts could be more modern.',1,'2026-06-19 18:24:53.291006',12,77),(462,3,'Useful facilities, although some parts could be more modern.',1,'2026-06-19 18:24:53.292136',28,142),(463,4,'The gym feels professional and welcoming for beginners and regulars.',1,'2026-06-19 18:24:53.293264',5,72),(464,5,'Great equipment selection and the location is very convenient.',1,'2026-06-19 18:24:53.294603',22,127),(465,5,'Solid gym with helpful service and enough space for workouts.',1,'2026-06-19 18:24:53.296062',19,112),(466,3,'Good gym overall, but it can get crowded at peak hours.',1,'2026-06-19 18:24:53.297288',5,141),(467,3,'Useful facilities, although some parts could be more modern.',1,'2026-06-19 18:24:53.298504',4,118),(468,5,'Comfortable place with a practical setup and reliable equipment.',1,'2026-06-19 18:24:53.299661',4,92),(469,3,'Good gym overall, but it can get crowded at peak hours.',1,'2026-06-19 18:24:53.300793',25,112),(470,4,'Great equipment selection and the location is very convenient.',1,'2026-06-19 18:24:53.301928',15,78),(471,3,'Decent training experience for the price.',1,'2026-06-19 18:24:53.303053',20,139),(472,3,'Useful facilities, although some parts could be more modern.',1,'2026-06-19 18:24:53.304182',4,101),(473,5,'Good training experience overall. I would come back again.',1,'2026-06-19 18:24:53.305321',10,106),(474,5,'Good training experience overall. I would come back again.',1,'2026-06-19 18:24:53.306458',8,73),(475,4,'Clean gym, friendly staff, and good atmosphere for daily training.',1,'2026-06-19 18:24:53.307584',10,129),(476,4,'Good training experience overall. I would come back again.',1,'2026-06-19 18:24:53.308718',24,133),(477,3,'Nice staff and location, but the equipment variety could improve.',1,'2026-06-19 18:24:53.309843',5,70),(478,3,'Useful facilities, although some parts could be more modern.',1,'2026-06-19 18:24:53.311077',10,73),(479,4,'Solid gym with helpful service and enough space for workouts.',1,'2026-06-19 18:24:53.312266',21,104),(480,4,'Nice place to train. The opening hours and facilities are useful.',1,'2026-06-19 18:24:53.313429',29,126),(481,3,'Useful facilities, although some parts could be more modern.',1,'2026-06-19 18:24:53.314560',26,123),(482,5,'Solid gym with helpful service and enough space for workouts.',1,'2026-06-19 18:24:53.315661',1,121),(483,4,'Good training experience overall. I would come back again.',1,'2026-06-19 18:24:53.316770',28,138),(484,5,'Comfortable place with a practical setup and reliable equipment.',1,'2026-06-19 18:24:53.317893',20,92),(485,3,'Good gym overall, but it can get crowded at peak hours.',1,'2026-06-19 18:24:53.319026',17,63),(486,4,'Good training experience overall. I would come back again.',1,'2026-06-19 18:24:53.320152',9,78),(487,3,'Decent training experience for the price.',1,'2026-06-19 18:24:53.321285',19,66),(488,3,'Useful facilities, although some parts could be more modern.',1,'2026-06-19 18:24:53.322416',15,124),(489,5,'Clean gym, friendly staff, and good atmosphere for daily training.',1,'2026-06-19 18:24:53.323551',29,77),(490,4,'The gym feels professional and welcoming for beginners and regulars.',1,'2026-06-19 18:24:53.324671',21,83),(491,4,'Comfortable place with a practical setup and reliable equipment.',1,'2026-06-19 18:24:53.325823',11,114),(492,4,'The gym feels professional and welcoming for beginners and regulars.',1,'2026-06-19 18:24:53.327130',27,154),(493,4,'Solid gym with helpful service and enough space for workouts.',1,'2026-06-19 18:24:53.328321',17,93),(494,3,'Good gym overall, but it can get crowded at peak hours.',1,'2026-06-19 18:24:53.329478',8,129),(495,4,'Good value for the price and a motivating environment.',1,'2026-06-19 18:24:53.330586',12,61),(496,3,'Nice staff and location, but the equipment variety could improve.',1,'2026-06-19 18:24:53.331724',14,132),(497,3,'Decent training experience for the price.',1,'2026-06-19 18:24:53.332870',19,60),(498,5,'The gym feels professional and welcoming for beginners and regulars.',1,'2026-06-19 18:24:53.333991',13,70),(499,5,'Good value for the price and a motivating environment.',1,'2026-06-19 18:24:53.335199',18,129),(500,3,'Good gym overall, but it can get crowded at peak hours.',1,'2026-06-19 18:24:53.336334',22,118),(501,3,'Useful facilities, although some parts could be more modern.',1,'2026-06-19 18:24:53.337471',12,96),(502,4,'Clean gym, friendly staff, and good atmosphere for daily training.',1,'2026-06-19 18:24:53.338599',27,137),(503,3,'Decent training experience for the price.',1,'2026-06-19 18:24:53.339744',16,151),(504,4,'Nice place to train. The opening hours and facilities are useful.',1,'2026-06-19 18:24:53.340867',19,76),(505,3,'Useful facilities, although some parts could be more modern.',1,'2026-06-19 18:24:53.342193',4,102),(506,5,'The gym feels professional and welcoming for beginners and regulars.',1,'2026-06-19 18:24:53.343346',17,135),(507,5,'The gym feels professional and welcoming for beginners and regulars.',1,'2026-06-19 18:24:53.344494',26,98),(508,5,'Clean gym, friendly staff, and good atmosphere for daily training.',1,'2026-06-19 18:24:53.345616',3,109),(509,5,'The gym feels professional and welcoming for beginners and regulars.',1,'2026-06-19 18:24:53.346746',9,123),(510,5,'Nice place to train. The opening hours and facilities are useful.',1,'2026-06-19 18:24:53.347871',15,82),(511,5,'Good value for the price and a motivating environment.',1,'2026-06-19 18:24:53.349002',28,71),(512,4,'Solid gym with helpful service and enough space for workouts.',1,'2026-06-19 18:24:53.350128',17,125),(513,3,'Decent training experience for the price.',1,'2026-06-19 18:24:53.351264',2,121),(514,3,'Good gym overall, but it can get crowded at peak hours.',1,'2026-06-19 18:24:53.352385',3,79),(515,3,'Useful facilities, although some parts could be more modern.',1,'2026-06-19 18:24:53.353506',13,77),(516,5,'Good value for the price and a motivating environment.',1,'2026-06-19 18:24:53.354631',15,85),(517,3,'Decent training experience for the price.',1,'2026-06-19 18:24:53.355763',23,148),(518,3,'Nice staff and location, but the equipment variety could improve.',1,'2026-06-19 18:24:53.356873',8,59),(519,5,'Good value for the price and a motivating environment.',1,'2026-06-19 18:24:53.358147',17,75),(520,3,'Nice staff and location, but the equipment variety could improve.',1,'2026-06-19 18:24:53.359409',8,71),(521,5,'Nice place to train. The opening hours and facilities are useful.',1,'2026-06-19 18:24:53.360542',20,111),(522,4,'Clean gym, friendly staff, and good atmosphere for daily training.',1,'2026-06-19 18:24:53.361681',13,97),(523,3,'Useful facilities, although some parts could be more modern.',1,'2026-06-19 18:24:53.362819',13,155),(524,5,'Nice place to train. The opening hours and facilities are useful.',1,'2026-06-19 18:24:53.363931',7,154),(525,3,'Nice staff and location, but the equipment variety could improve.',1,'2026-06-19 18:24:53.365902',17,91),(526,3,'Nice staff and location, but the equipment variety could improve.',1,'2026-06-19 18:24:53.367089',20,64),(527,5,'Good training experience overall. I would come back again.',1,'2026-06-19 18:24:53.368246',9,96),(528,5,'Great equipment selection and the location is very convenient.',1,'2026-06-19 18:24:53.369375',25,72),(529,4,'Solid gym with helpful service and enough space for workouts.',1,'2026-06-19 18:24:53.370508',9,62),(530,4,'Nice place to train. The opening hours and facilities are useful.',1,'2026-06-19 18:24:53.371701',21,127),(531,3,'Decent training experience for the price.',1,'2026-06-19 18:24:53.372830',20,147),(532,5,'Comfortable place with a practical setup and reliable equipment.',1,'2026-06-19 18:24:53.374111',5,110),(533,5,'The gym feels professional and welcoming for beginners and regulars.',1,'2026-06-19 18:24:53.375265',24,107),(534,3,'Nice staff and location, but the equipment variety could improve.',1,'2026-06-19 18:24:53.376404',20,90),(535,3,'Useful facilities, although some parts could be more modern.',1,'2026-06-19 18:24:53.377542',25,96),(536,4,'Solid gym with helpful service and enough space for workouts.',1,'2026-06-19 18:24:53.378669',22,87),(537,5,'Solid gym with helpful service and enough space for workouts.',1,'2026-06-19 18:24:53.379802',24,142),(538,3,'Useful facilities, although some parts could be more modern.',1,'2026-06-19 18:24:53.380933',26,114),(539,5,'Clean gym, friendly staff, and good atmosphere for daily training.',1,'2026-06-19 18:24:53.382073',7,135),(540,5,'Good training experience overall. I would come back again.',1,'2026-06-19 18:24:53.383210',11,111),(541,5,'Clean gym, friendly staff, and good atmosphere for daily training.',1,'2026-06-19 18:24:53.384352',26,63),(542,3,'Nice staff and location, but the equipment variety could improve.',1,'2026-06-19 18:24:53.385485',28,135),(543,5,'Good value for the price and a motivating environment.',1,'2026-06-19 18:24:53.386616',1,84),(544,5,'Great equipment selection and the location is very convenient.',1,'2026-06-19 18:24:53.387739',3,155),(545,4,'Nice place to train. The opening hours and facilities are useful.',1,'2026-06-19 18:24:53.388867',17,130),(546,4,'Great equipment selection and the location is very convenient.',1,'2026-06-19 18:24:53.390289',21,147),(547,3,'Nice staff and location, but the equipment variety could improve.',1,'2026-06-19 18:24:53.391511',12,127),(548,4,'Nice place to train. The opening hours and facilities are useful.',1,'2026-06-19 18:24:53.392680',16,127),(549,5,'Great equipment selection and the location is very convenient.',1,'2026-06-19 18:24:53.393801',3,95),(550,5,'The gym feels professional and welcoming for beginners and regulars.',1,'2026-06-19 18:24:53.394934',22,119),(551,4,'Clean gym, friendly staff, and good atmosphere for daily training.',1,'2026-06-19 18:24:53.396080',29,63),(552,4,'Good value for the price and a motivating environment.',1,'2026-06-19 18:24:53.397200',18,127),(553,3,'Good gym overall, but it can get crowded at peak hours.',1,'2026-06-19 18:24:53.398330',27,73),(554,4,'Solid gym with helpful service and enough space for workouts.',1,'2026-06-19 18:24:53.399458',23,143),(555,3,'Good gym overall, but it can get crowded at peak hours.',1,'2026-06-19 18:24:53.400591',27,153),(556,3,'Decent training experience for the price.',1,'2026-06-19 18:24:53.401719',27,97),(557,4,'Good training experience overall. I would come back again.',1,'2026-06-19 18:24:53.402851',2,101),(558,3,'Decent training experience for the price.',1,'2026-06-19 18:24:53.404120',10,83),(559,4,'Good training experience overall. I would come back again.',1,'2026-06-19 18:24:53.405272',30,101),(560,4,'Good training experience overall. I would come back again.',1,'2026-06-19 18:24:53.406397',22,107);
/*!40000 ALTER TABLE `reviews_review` ENABLE KEYS */;
UNLOCK TABLES;

--
-- Table structure for table `systemlogs_systemlog`
--

DROP TABLE IF EXISTS `systemlogs_systemlog`;
/*!40101 SET @saved_cs_client     = @@character_set_client */;
/*!50503 SET character_set_client = utf8mb4 */;
CREATE TABLE `systemlogs_systemlog` (
  `id` bigint NOT NULL AUTO_INCREMENT,
  `level` varchar(20) COLLATE utf8mb4_unicode_ci NOT NULL,
  `category` varchar(30) COLLATE utf8mb4_unicode_ci NOT NULL,
  `event` varchar(120) COLLATE utf8mb4_unicode_ci NOT NULL,
  `message` longtext COLLATE utf8mb4_unicode_ci NOT NULL,
  `related_model` varchar(80) COLLATE utf8mb4_unicode_ci NOT NULL,
  `related_id` varchar(80) COLLATE utf8mb4_unicode_ci NOT NULL,
  `metadata` json NOT NULL,
  `path` varchar(255) COLLATE utf8mb4_unicode_ci NOT NULL,
  `ip_address` char(39) COLLATE utf8mb4_unicode_ci DEFAULT NULL,
  `user_agent` longtext COLLATE utf8mb4_unicode_ci NOT NULL,
  `created_at` datetime(6) NOT NULL,
  `actor_id` bigint DEFAULT NULL,
  PRIMARY KEY (`id`),
  KEY `systemlogs__level_4aa8e2_idx` (`level`,`category`),
  KEY `systemlogs__created_c35c47_idx` (`created_at`),
  KEY `systemlogs__event_86d247_idx` (`event`),
  KEY `systemlogs_systemlog_actor_id_794cbcf9_fk_accounts_user_id` (`actor_id`),
  CONSTRAINT `systemlogs_systemlog_actor_id_794cbcf9_fk_accounts_user_id` FOREIGN KEY (`actor_id`) REFERENCES `accounts_user` (`id`)
) ENGINE=InnoDB AUTO_INCREMENT=163 DEFAULT CHARSET=utf8mb4 COLLATE=utf8mb4_unicode_ci;
/*!40101 SET character_set_client = @saved_cs_client */;

--
-- Dumping data for table `systemlogs_systemlog`
--

LOCK TABLES `systemlogs_systemlog` WRITE;
/*!40000 ALTER TABLE `systemlogs_systemlog` DISABLE KEYS */;
INSERT INTO `systemlogs_systemlog` VALUES (1,'INFO','GYM','geoapify_import_completed','Imported Geoapify gyms for Tabriz: created=15, updated=0','ImportBatch','1','{\"city\": \"Tabriz\", \"source\": \"geoapify\", \"country\": \"Iran\", \"created\": 15, \"updated\": 0}','',NULL,'','2026-06-19 18:08:26.060906',NULL),(2,'INFO','GYM','geoapify_import_completed','Imported Geoapify gyms for Tehran: created=15, updated=0','ImportBatch','2','{\"city\": \"Tehran\", \"source\": \"geoapify\", \"country\": \"Iran\", \"created\": 15, \"updated\": 0}','',NULL,'','2026-06-19 18:08:38.584669',NULL),(3,'INFO','EMAIL','email_sent','Subject=Your gym was approved To=imports@mygym.local Sent count=1','Gym','30','{\"host\": \"smtp.gmail.com\", \"backend\": \"django.core.mail.backends.console.EmailBackend\", \"subject\": \"Your gym was approved\", \"template\": \"gym_status_owner\", \"to_email\": \"imports@mygym.local\"}','/control/gyms/30/approve/','127.0.0.1','Mozilla/5.0 (Windows NT 10.0; Win64; x64) AppleWebKit/537.36 (KHTML, like Gecko) Chrome/149.0.0.0 Safari/537.36','2026-06-19 18:17:26.541583',1),(4,'INFO','GYM','gym_approved','مجتمع ورزشی حجاب approved','Gym','30','{}','/control/gyms/30/approve/','127.0.0.1','Mozilla/5.0 (Windows NT 10.0; Win64; x64) AppleWebKit/537.36 (KHTML, like Gecko) Chrome/149.0.0.0 Safari/537.36','2026-06-19 18:17:26.831373',1),(5,'INFO','EMAIL','email_sent','Subject=Your gym was approved To=imports@mygym.local Sent count=1','Gym','30','{\"host\": \"smtp.gmail.com\", \"backend\": \"django.core.mail.backends.console.EmailBackend\", \"subject\": \"Your gym was approved\", \"template\": \"gym_status_owner\", \"to_email\": \"imports@mygym.local\"}','/control/gyms/30/approve/','127.0.0.1','Mozilla/5.0 (Windows NT 10.0; Win64; x64) AppleWebKit/537.36 (KHTML, like Gecko) Chrome/149.0.0.0 Safari/537.36','2026-06-19 18:17:27.132805',1),(6,'INFO','GYM','gym_approved','مجتمع ورزشی حجاب approved','Gym','30','{}','/control/gyms/30/approve/','127.0.0.1','Mozilla/5.0 (Windows NT 10.0; Win64; x64) AppleWebKit/537.36 (KHTML, like Gecko) Chrome/149.0.0.0 Safari/537.36','2026-06-19 18:17:27.450017',1),(7,'INFO','EMAIL','email_sent','Subject=Your gym was approved To=imports@mygym.local Sent count=1','Gym','30','{\"host\": \"smtp.gmail.com\", \"backend\": \"django.core.mail.backends.console.EmailBackend\", \"subject\": \"Your gym was approved\", \"template\": \"gym_status_owner\", \"to_email\": \"imports@mygym.local\"}','/control/gyms/30/approve/','127.0.0.1','Mozilla/5.0 (Windows NT 10.0; Win64; x64) AppleWebKit/537.36 (KHTML, like Gecko) Chrome/149.0.0.0 Safari/537.36','2026-06-19 18:17:28.002329',1),(8,'INFO','GYM','gym_approved','مجتمع ورزشی حجاب approved','Gym','30','{}','/control/gyms/30/approve/','127.0.0.1','Mozilla/5.0 (Windows NT 10.0; Win64; x64) AppleWebKit/537.36 (KHTML, like Gecko) Chrome/149.0.0.0 Safari/537.36','2026-06-19 18:17:28.403685',1),(9,'INFO','EMAIL','email_sent','Subject=Your gym was approved To=imports@mygym.local Sent count=1','Gym','30','{\"host\": \"smtp.gmail.com\", \"backend\": \"django.core.mail.backends.console.EmailBackend\", \"subject\": \"Your gym was approved\", \"template\": \"gym_status_owner\", \"to_email\": \"imports@mygym.local\"}','/control/gyms/30/approve/','127.0.0.1','Mozilla/5.0 (Windows NT 10.0; Win64; x64) AppleWebKit/537.36 (KHTML, like Gecko) Chrome/149.0.0.0 Safari/537.36','2026-06-19 18:17:28.520650',1),(10,'INFO','GYM','gym_approved','مجتمع ورزشی حجاب approved','Gym','30','{}','/control/gyms/30/approve/','127.0.0.1','Mozilla/5.0 (Windows NT 10.0; Win64; x64) AppleWebKit/537.36 (KHTML, like Gecko) Chrome/149.0.0.0 Safari/537.36','2026-06-19 18:17:28.716925',1),(11,'INFO','EMAIL','email_sent','Subject=Your gym was approved To=imports@mygym.local Sent count=1','Gym','30','{\"host\": \"smtp.gmail.com\", \"backend\": \"django.core.mail.backends.console.EmailBackend\", \"subject\": \"Your gym was approved\", \"template\": \"gym_status_owner\", \"to_email\": \"imports@mygym.local\"}','/control/gyms/30/approve/','127.0.0.1','Mozilla/5.0 (Windows NT 10.0; Win64; x64) AppleWebKit/537.36 (KHTML, like Gecko) Chrome/149.0.0.0 Safari/537.36','2026-06-19 18:17:28.835043',1),(12,'INFO','GYM','gym_approved','مجتمع ورزشی حجاب approved','Gym','30','{}','/control/gyms/30/approve/','127.0.0.1','Mozilla/5.0 (Windows NT 10.0; Win64; x64) AppleWebKit/537.36 (KHTML, like Gecko) Chrome/149.0.0.0 Safari/537.36','2026-06-19 18:17:29.068815',1),(13,'INFO','EMAIL','email_sent','Subject=Your gym was approved To=imports@mygym.local Sent count=1','Gym','30','{\"host\": \"smtp.gmail.com\", \"backend\": \"django.core.mail.backends.console.EmailBackend\", \"subject\": \"Your gym was approved\", \"template\": \"gym_status_owner\", \"to_email\": \"imports@mygym.local\"}','/control/gyms/30/approve/','127.0.0.1','Mozilla/5.0 (Windows NT 10.0; Win64; x64) AppleWebKit/537.36 (KHTML, like Gecko) Chrome/149.0.0.0 Safari/537.36','2026-06-19 18:17:29.381851',1),(14,'INFO','GYM','gym_approved','مجتمع ورزشی حجاب approved','Gym','30','{}','/control/gyms/30/approve/','127.0.0.1','Mozilla/5.0 (Windows NT 10.0; Win64; x64) AppleWebKit/537.36 (KHTML, like Gecko) Chrome/149.0.0.0 Safari/537.36','2026-06-19 18:17:29.546340',1),(15,'INFO','EMAIL','email_sent','Subject=Your gym was approved To=imports@mygym.local Sent count=1','Gym','30','{\"host\": \"smtp.gmail.com\", \"backend\": \"django.core.mail.backends.console.EmailBackend\", \"subject\": \"Your gym was approved\", \"template\": \"gym_status_owner\", \"to_email\": \"imports@mygym.local\"}','/control/gyms/30/approve/','127.0.0.1','Mozilla/5.0 (Windows NT 10.0; Win64; x64) AppleWebKit/537.36 (KHTML, like Gecko) Chrome/149.0.0.0 Safari/537.36','2026-06-19 18:17:29.658450',1),(16,'INFO','GYM','gym_approved','مجتمع ورزشی حجاب approved','Gym','30','{}','/control/gyms/30/approve/','127.0.0.1','Mozilla/5.0 (Windows NT 10.0; Win64; x64) AppleWebKit/537.36 (KHTML, like Gecko) Chrome/149.0.0.0 Safari/537.36','2026-06-19 18:17:29.851426',1),(17,'INFO','EMAIL','email_sent','Subject=Your gym was approved To=imports@mygym.local Sent count=1','Gym','30','{\"host\": \"smtp.gmail.com\", \"backend\": \"django.core.mail.backends.console.EmailBackend\", \"subject\": \"Your gym was approved\", \"template\": \"gym_status_owner\", \"to_email\": \"imports@mygym.local\"}','/control/gyms/30/approve/','127.0.0.1','Mozilla/5.0 (Windows NT 10.0; Win64; x64) AppleWebKit/537.36 (KHTML, like Gecko) Chrome/149.0.0.0 Safari/537.36','2026-06-19 18:17:30.162413',1),(18,'INFO','GYM','gym_approved','مجتمع ورزشی حجاب approved','Gym','30','{}','/control/gyms/30/approve/','127.0.0.1','Mozilla/5.0 (Windows NT 10.0; Win64; x64) AppleWebKit/537.36 (KHTML, like Gecko) Chrome/149.0.0.0 Safari/537.36','2026-06-19 18:17:30.359020',1),(19,'INFO','EMAIL','email_sent','Subject=Your gym was approved To=imports@mygym.local Sent count=1','Gym','30','{\"host\": \"smtp.gmail.com\", \"backend\": \"django.core.mail.backends.console.EmailBackend\", \"subject\": \"Your gym was approved\", \"template\": \"gym_status_owner\", \"to_email\": \"imports@mygym.local\"}','/control/gyms/30/approve/','127.0.0.1','Mozilla/5.0 (Windows NT 10.0; Win64; x64) AppleWebKit/537.36 (KHTML, like Gecko) Chrome/149.0.0.0 Safari/537.36','2026-06-19 18:17:30.623169',1),(20,'INFO','GYM','gym_approved','مجتمع ورزشی حجاب approved','Gym','30','{}','/control/gyms/30/approve/','127.0.0.1','Mozilla/5.0 (Windows NT 10.0; Win64; x64) AppleWebKit/537.36 (KHTML, like Gecko) Chrome/149.0.0.0 Safari/537.36','2026-06-19 18:17:30.849303',1),(21,'INFO','EMAIL','email_sent','Subject=Your gym was approved To=imports@mygym.local Sent count=1','Gym','30','{\"host\": \"smtp.gmail.com\", \"backend\": \"django.core.mail.backends.console.EmailBackend\", \"subject\": \"Your gym was approved\", \"template\": \"gym_status_owner\", \"to_email\": \"imports@mygym.local\"}','/control/gyms/30/approve/','127.0.0.1','Mozilla/5.0 (Windows NT 10.0; Win64; x64) AppleWebKit/537.36 (KHTML, like Gecko) Chrome/149.0.0.0 Safari/537.36','2026-06-19 18:17:31.137956',1),(22,'INFO','GYM','gym_approved','مجتمع ورزشی حجاب approved','Gym','30','{}','/control/gyms/30/approve/','127.0.0.1','Mozilla/5.0 (Windows NT 10.0; Win64; x64) AppleWebKit/537.36 (KHTML, like Gecko) Chrome/149.0.0.0 Safari/537.36','2026-06-19 18:17:31.353493',1),(23,'INFO','EMAIL','email_sent','Subject=Your gym was approved To=imports@mygym.local Sent count=1','Gym','29','{\"host\": \"smtp.gmail.com\", \"backend\": \"django.core.mail.backends.console.EmailBackend\", \"subject\": \"Your gym was approved\", \"template\": \"gym_status_owner\", \"to_email\": \"imports@mygym.local\"}','/control/gyms/29/approve/','127.0.0.1','Mozilla/5.0 (Windows NT 10.0; Win64; x64) AppleWebKit/537.36 (KHTML, like Gecko) Chrome/149.0.0.0 Safari/537.36','2026-06-19 18:17:31.950208',1),(24,'INFO','GYM','gym_approved','مجموعه ورزشی بریانک approved','Gym','29','{}','/control/gyms/29/approve/','127.0.0.1','Mozilla/5.0 (Windows NT 10.0; Win64; x64) AppleWebKit/537.36 (KHTML, like Gecko) Chrome/149.0.0.0 Safari/537.36','2026-06-19 18:17:32.062503',1),(25,'INFO','EMAIL','email_sent','Subject=Your gym was approved To=imports@mygym.local Sent count=1','Gym','28','{\"host\": \"smtp.gmail.com\", \"backend\": \"django.core.mail.backends.console.EmailBackend\", \"subject\": \"Your gym was approved\", \"template\": \"gym_status_owner\", \"to_email\": \"imports@mygym.local\"}','/control/gyms/28/approve/','127.0.0.1','Mozilla/5.0 (Windows NT 10.0; Win64; x64) AppleWebKit/537.36 (KHTML, like Gecko) Chrome/149.0.0.0 Safari/537.36','2026-06-19 18:17:33.841238',1),(26,'INFO','GYM','gym_approved','سالن ورزشی شهدای هفتم تیر approved','Gym','28','{}','/control/gyms/28/approve/','127.0.0.1','Mozilla/5.0 (Windows NT 10.0; Win64; x64) AppleWebKit/537.36 (KHTML, like Gecko) Chrome/149.0.0.0 Safari/537.36','2026-06-19 18:17:33.986953',1),(27,'INFO','EMAIL','email_sent','Subject=Your gym was approved To=imports@mygym.local Sent count=1','Gym','27','{\"host\": \"smtp.gmail.com\", \"backend\": \"django.core.mail.backends.console.EmailBackend\", \"subject\": \"Your gym was approved\", \"template\": \"gym_status_owner\", \"to_email\": \"imports@mygym.local\"}','/control/gyms/27/approve/','127.0.0.1','Mozilla/5.0 (Windows NT 10.0; Win64; x64) AppleWebKit/537.36 (KHTML, like Gecko) Chrome/149.0.0.0 Safari/537.36','2026-06-19 18:17:34.916250',1),(28,'INFO','GYM','gym_approved','Tehran approved','Gym','27','{}','/control/gyms/27/approve/','127.0.0.1','Mozilla/5.0 (Windows NT 10.0; Win64; x64) AppleWebKit/537.36 (KHTML, like Gecko) Chrome/149.0.0.0 Safari/537.36','2026-06-19 18:17:35.009071',1),(29,'INFO','EMAIL','email_sent','Subject=Your gym was approved To=imports@mygym.local Sent count=1','Gym','26','{\"host\": \"smtp.gmail.com\", \"backend\": \"django.core.mail.backends.console.EmailBackend\", \"subject\": \"Your gym was approved\", \"template\": \"gym_status_owner\", \"to_email\": \"imports@mygym.local\"}','/control/gyms/26/approve/','127.0.0.1','Mozilla/5.0 (Windows NT 10.0; Win64; x64) AppleWebKit/537.36 (KHTML, like Gecko) Chrome/149.0.0.0 Safari/537.36','2026-06-19 18:17:35.727240',1),(30,'INFO','GYM','gym_approved','مجوعه ورزشی پردیس approved','Gym','26','{}','/control/gyms/26/approve/','127.0.0.1','Mozilla/5.0 (Windows NT 10.0; Win64; x64) AppleWebKit/537.36 (KHTML, like Gecko) Chrome/149.0.0.0 Safari/537.36','2026-06-19 18:17:35.822603',1),(31,'INFO','EMAIL','email_sent','Subject=Your gym was approved To=imports@mygym.local Sent count=1','Gym','25','{\"host\": \"smtp.gmail.com\", \"backend\": \"django.core.mail.backends.console.EmailBackend\", \"subject\": \"Your gym was approved\", \"template\": \"gym_status_owner\", \"to_email\": \"imports@mygym.local\"}','/control/gyms/25/approve/','127.0.0.1','Mozilla/5.0 (Windows NT 10.0; Win64; x64) AppleWebKit/537.36 (KHTML, like Gecko) Chrome/149.0.0.0 Safari/537.36','2026-06-19 18:17:36.532418',1),(32,'INFO','GYM','gym_approved','باشگاه ورزشی محمد رضا حیدریان approved','Gym','25','{}','/control/gyms/25/approve/','127.0.0.1','Mozilla/5.0 (Windows NT 10.0; Win64; x64) AppleWebKit/537.36 (KHTML, like Gecko) Chrome/149.0.0.0 Safari/537.36','2026-06-19 18:17:36.630291',1),(33,'INFO','EMAIL','email_sent','Subject=Your gym was approved To=imports@mygym.local Sent count=1','Gym','24','{\"host\": \"smtp.gmail.com\", \"backend\": \"django.core.mail.backends.console.EmailBackend\", \"subject\": \"Your gym was approved\", \"template\": \"gym_status_owner\", \"to_email\": \"imports@mygym.local\"}','/control/gyms/24/approve/','127.0.0.1','Mozilla/5.0 (Windows NT 10.0; Win64; x64) AppleWebKit/537.36 (KHTML, like Gecko) Chrome/149.0.0.0 Safari/537.36','2026-06-19 18:17:37.247243',1),(34,'INFO','GYM','gym_approved','هیات کوهنوردی و صعودهای ورزشی شمال غرب استان تهران approved','Gym','24','{}','/control/gyms/24/approve/','127.0.0.1','Mozilla/5.0 (Windows NT 10.0; Win64; x64) AppleWebKit/537.36 (KHTML, like Gecko) Chrome/149.0.0.0 Safari/537.36','2026-06-19 18:17:37.366278',1),(35,'INFO','EMAIL','email_sent','Subject=Your gym was approved To=imports@mygym.local Sent count=1','Gym','23','{\"host\": \"smtp.gmail.com\", \"backend\": \"django.core.mail.backends.console.EmailBackend\", \"subject\": \"Your gym was approved\", \"template\": \"gym_status_owner\", \"to_email\": \"imports@mygym.local\"}','/control/gyms/23/approve/','127.0.0.1','Mozilla/5.0 (Windows NT 10.0; Win64; x64) AppleWebKit/537.36 (KHTML, like Gecko) Chrome/149.0.0.0 Safari/537.36','2026-06-19 18:17:38.060405',1),(36,'INFO','GYM','gym_approved','ورزشگاه شهید حیدرنیا approved','Gym','23','{}','/control/gyms/23/approve/','127.0.0.1','Mozilla/5.0 (Windows NT 10.0; Win64; x64) AppleWebKit/537.36 (KHTML, like Gecko) Chrome/149.0.0.0 Safari/537.36','2026-06-19 18:17:38.182713',1),(37,'INFO','EMAIL','email_sent','Subject=Your gym was approved To=imports@mygym.local Sent count=1','Gym','22','{\"host\": \"smtp.gmail.com\", \"backend\": \"django.core.mail.backends.console.EmailBackend\", \"subject\": \"Your gym was approved\", \"template\": \"gym_status_owner\", \"to_email\": \"imports@mygym.local\"}','/control/gyms/22/approve/','127.0.0.1','Mozilla/5.0 (Windows NT 10.0; Win64; x64) AppleWebKit/537.36 (KHTML, like Gecko) Chrome/149.0.0.0 Safari/537.36','2026-06-19 18:17:38.733807',1),(38,'INFO','GYM','gym_approved','مجموعه ورزشی خوش approved','Gym','22','{}','/control/gyms/22/approve/','127.0.0.1','Mozilla/5.0 (Windows NT 10.0; Win64; x64) AppleWebKit/537.36 (KHTML, like Gecko) Chrome/149.0.0.0 Safari/537.36','2026-06-19 18:17:38.738764',1),(39,'INFO','EMAIL','email_sent','Subject=Your gym was approved To=imports@mygym.local Sent count=1','Gym','21','{\"host\": \"smtp.gmail.com\", \"backend\": \"django.core.mail.backends.console.EmailBackend\", \"subject\": \"Your gym was approved\", \"template\": \"gym_status_owner\", \"to_email\": \"imports@mygym.local\"}','/control/gyms/21/approve/','127.0.0.1','Mozilla/5.0 (Windows NT 10.0; Win64; x64) AppleWebKit/537.36 (KHTML, like Gecko) Chrome/149.0.0.0 Safari/537.36','2026-06-19 18:17:39.164474',1),(40,'INFO','GYM','gym_approved','مجموعه ورزشی دخانیات approved','Gym','21','{}','/control/gyms/21/approve/','127.0.0.1','Mozilla/5.0 (Windows NT 10.0; Win64; x64) AppleWebKit/537.36 (KHTML, like Gecko) Chrome/149.0.0.0 Safari/537.36','2026-06-19 18:17:39.171503',1),(41,'INFO','EMAIL','email_sent','Subject=Your gym was approved To=imports@mygym.local Sent count=1','Gym','20','{\"host\": \"smtp.gmail.com\", \"backend\": \"django.core.mail.backends.console.EmailBackend\", \"subject\": \"Your gym was approved\", \"template\": \"gym_status_owner\", \"to_email\": \"imports@mygym.local\"}','/control/gyms/20/approve/','127.0.0.1','Mozilla/5.0 (Windows NT 10.0; Win64; x64) AppleWebKit/537.36 (KHTML, like Gecko) Chrome/149.0.0.0 Safari/537.36','2026-06-19 18:17:39.781604',1),(42,'INFO','GYM','gym_approved','سالن ورزشی طوفانی approved','Gym','20','{}','/control/gyms/20/approve/','127.0.0.1','Mozilla/5.0 (Windows NT 10.0; Win64; x64) AppleWebKit/537.36 (KHTML, like Gecko) Chrome/149.0.0.0 Safari/537.36','2026-06-19 18:17:39.786425',1),(43,'INFO','EMAIL','email_sent','Subject=Your gym was approved To=imports@mygym.local Sent count=1','Gym','19','{\"host\": \"smtp.gmail.com\", \"backend\": \"django.core.mail.backends.console.EmailBackend\", \"subject\": \"Your gym was approved\", \"template\": \"gym_status_owner\", \"to_email\": \"imports@mygym.local\"}','/control/gyms/19/approve/','127.0.0.1','Mozilla/5.0 (Windows NT 10.0; Win64; x64) AppleWebKit/537.36 (KHTML, like Gecko) Chrome/149.0.0.0 Safari/537.36','2026-06-19 18:17:40.315046',1),(44,'INFO','GYM','gym_approved','باشگاه ورزشی امداد approved','Gym','19','{}','/control/gyms/19/approve/','127.0.0.1','Mozilla/5.0 (Windows NT 10.0; Win64; x64) AppleWebKit/537.36 (KHTML, like Gecko) Chrome/149.0.0.0 Safari/537.36','2026-06-19 18:17:40.319789',1),(45,'INFO','EMAIL','email_sent','Subject=Your gym was approved To=imports@mygym.local Sent count=1','Gym','18','{\"host\": \"smtp.gmail.com\", \"backend\": \"django.core.mail.backends.console.EmailBackend\", \"subject\": \"Your gym was approved\", \"template\": \"gym_status_owner\", \"to_email\": \"imports@mygym.local\"}','/control/gyms/18/approve/','127.0.0.1','Mozilla/5.0 (Windows NT 10.0; Win64; x64) AppleWebKit/537.36 (KHTML, like Gecko) Chrome/149.0.0.0 Safari/537.36','2026-06-19 18:17:40.881678',1),(46,'INFO','GYM','gym_approved','باشگاه ورزشی approved','Gym','18','{}','/control/gyms/18/approve/','127.0.0.1','Mozilla/5.0 (Windows NT 10.0; Win64; x64) AppleWebKit/537.36 (KHTML, like Gecko) Chrome/149.0.0.0 Safari/537.36','2026-06-19 18:17:40.887043',1),(47,'INFO','EMAIL','email_sent','Subject=Your gym was approved To=imports@mygym.local Sent count=1','Gym','17','{\"host\": \"smtp.gmail.com\", \"backend\": \"django.core.mail.backends.console.EmailBackend\", \"subject\": \"Your gym was approved\", \"template\": \"gym_status_owner\", \"to_email\": \"imports@mygym.local\"}','/control/gyms/17/approve/','127.0.0.1','Mozilla/5.0 (Windows NT 10.0; Win64; x64) AppleWebKit/537.36 (KHTML, like Gecko) Chrome/149.0.0.0 Safari/537.36','2026-06-19 18:17:41.414734',1),(48,'INFO','GYM','gym_approved','مجموعه ورزشی فرهنگیان approved','Gym','17','{}','/control/gyms/17/approve/','127.0.0.1','Mozilla/5.0 (Windows NT 10.0; Win64; x64) AppleWebKit/537.36 (KHTML, like Gecko) Chrome/149.0.0.0 Safari/537.36','2026-06-19 18:17:41.420380',1),(49,'INFO','EMAIL','email_sent','Subject=Your gym was approved To=imports@mygym.local Sent count=1','Gym','16','{\"host\": \"smtp.gmail.com\", \"backend\": \"django.core.mail.backends.console.EmailBackend\", \"subject\": \"Your gym was approved\", \"template\": \"gym_status_owner\", \"to_email\": \"imports@mygym.local\"}','/control/gyms/16/approve/','127.0.0.1','Mozilla/5.0 (Windows NT 10.0; Win64; x64) AppleWebKit/537.36 (KHTML, like Gecko) Chrome/149.0.0.0 Safari/537.36','2026-06-19 18:17:41.913751',1),(50,'INFO','GYM','gym_approved','مجموعه ورزشی نجفی approved','Gym','16','{}','/control/gyms/16/approve/','127.0.0.1','Mozilla/5.0 (Windows NT 10.0; Win64; x64) AppleWebKit/537.36 (KHTML, like Gecko) Chrome/149.0.0.0 Safari/537.36','2026-06-19 18:17:41.918918',1),(51,'INFO','EMAIL','email_sent','Subject=Your gym was approved To=imports@mygym.local Sent count=1','Gym','15','{\"host\": \"smtp.gmail.com\", \"backend\": \"django.core.mail.backends.console.EmailBackend\", \"subject\": \"Your gym was approved\", \"template\": \"gym_status_owner\", \"to_email\": \"imports@mygym.local\"}','/control/gyms/15/approve/','127.0.0.1','Mozilla/5.0 (Windows NT 10.0; Win64; x64) AppleWebKit/537.36 (KHTML, like Gecko) Chrome/149.0.0.0 Safari/537.36','2026-06-19 18:17:42.382308',1),(52,'INFO','GYM','gym_approved','استخر سرپوشیده دانشگاه علوم پزشکی approved','Gym','15','{}','/control/gyms/15/approve/','127.0.0.1','Mozilla/5.0 (Windows NT 10.0; Win64; x64) AppleWebKit/537.36 (KHTML, like Gecko) Chrome/149.0.0.0 Safari/537.36','2026-06-19 18:17:42.388570',1),(53,'INFO','EMAIL','email_sent','Subject=Your gym was approved To=imports@mygym.local Sent count=1','Gym','14','{\"host\": \"smtp.gmail.com\", \"backend\": \"django.core.mail.backends.console.EmailBackend\", \"subject\": \"Your gym was approved\", \"template\": \"gym_status_owner\", \"to_email\": \"imports@mygym.local\"}','/control/gyms/14/approve/','127.0.0.1','Mozilla/5.0 (Windows NT 10.0; Win64; x64) AppleWebKit/537.36 (KHTML, like Gecko) Chrome/149.0.0.0 Safari/537.36','2026-06-19 18:17:42.799982',1),(54,'INFO','GYM','gym_approved','سالن ورزشی الزهرا approved','Gym','14','{}','/control/gyms/14/approve/','127.0.0.1','Mozilla/5.0 (Windows NT 10.0; Win64; x64) AppleWebKit/537.36 (KHTML, like Gecko) Chrome/149.0.0.0 Safari/537.36','2026-06-19 18:17:42.805441',1),(55,'INFO','EMAIL','email_sent','Subject=Your gym was approved To=imports@mygym.local Sent count=1','Gym','13','{\"host\": \"smtp.gmail.com\", \"backend\": \"django.core.mail.backends.console.EmailBackend\", \"subject\": \"Your gym was approved\", \"template\": \"gym_status_owner\", \"to_email\": \"imports@mygym.local\"}','/control/gyms/13/approve/','127.0.0.1','Mozilla/5.0 (Windows NT 10.0; Win64; x64) AppleWebKit/537.36 (KHTML, like Gecko) Chrome/149.0.0.0 Safari/537.36','2026-06-19 18:17:43.301018',1),(56,'INFO','GYM','gym_approved','مجموعه ورزشی ایثار approved','Gym','13','{}','/control/gyms/13/approve/','127.0.0.1','Mozilla/5.0 (Windows NT 10.0; Win64; x64) AppleWebKit/537.36 (KHTML, like Gecko) Chrome/149.0.0.0 Safari/537.36','2026-06-19 18:17:43.306590',1),(57,'INFO','EMAIL','email_sent','Subject=Your gym was approved To=imports@mygym.local Sent count=1','Gym','12','{\"host\": \"smtp.gmail.com\", \"backend\": \"django.core.mail.backends.console.EmailBackend\", \"subject\": \"Your gym was approved\", \"template\": \"gym_status_owner\", \"to_email\": \"imports@mygym.local\"}','/control/gyms/12/approve/','127.0.0.1','Mozilla/5.0 (Windows NT 10.0; Win64; x64) AppleWebKit/537.36 (KHTML, like Gecko) Chrome/149.0.0.0 Safari/537.36','2026-06-19 18:17:43.746921',1),(58,'INFO','GYM','gym_approved','سالن ورزشی بیلیارد approved','Gym','12','{}','/control/gyms/12/approve/','127.0.0.1','Mozilla/5.0 (Windows NT 10.0; Win64; x64) AppleWebKit/537.36 (KHTML, like Gecko) Chrome/149.0.0.0 Safari/537.36','2026-06-19 18:17:43.753610',1),(59,'INFO','EMAIL','email_sent','Subject=Your gym was approved To=imports@mygym.local Sent count=1','Gym','11','{\"host\": \"smtp.gmail.com\", \"backend\": \"django.core.mail.backends.console.EmailBackend\", \"subject\": \"Your gym was approved\", \"template\": \"gym_status_owner\", \"to_email\": \"imports@mygym.local\"}','/control/gyms/11/approve/','127.0.0.1','Mozilla/5.0 (Windows NT 10.0; Win64; x64) AppleWebKit/537.36 (KHTML, like Gecko) Chrome/149.0.0.0 Safari/537.36','2026-06-19 18:17:43.944506',1),(60,'INFO','GYM','gym_approved','مجتمع ورزشی وحدت approved','Gym','11','{}','/control/gyms/11/approve/','127.0.0.1','Mozilla/5.0 (Windows NT 10.0; Win64; x64) AppleWebKit/537.36 (KHTML, like Gecko) Chrome/149.0.0.0 Safari/537.36','2026-06-19 18:17:43.950168',1),(61,'INFO','EMAIL','email_sent','Subject=Your gym was approved To=imports@mygym.local Sent count=1','Gym','10','{\"host\": \"smtp.gmail.com\", \"backend\": \"django.core.mail.backends.console.EmailBackend\", \"subject\": \"Your gym was approved\", \"template\": \"gym_status_owner\", \"to_email\": \"imports@mygym.local\"}','/control/gyms/10/approve/','127.0.0.1','Mozilla/5.0 (Windows NT 10.0; Win64; x64) AppleWebKit/537.36 (KHTML, like Gecko) Chrome/149.0.0.0 Safari/537.36','2026-06-19 18:17:44.164690',1),(62,'INFO','GYM','gym_approved','استخر شهید مدنی approved','Gym','10','{}','/control/gyms/10/approve/','127.0.0.1','Mozilla/5.0 (Windows NT 10.0; Win64; x64) AppleWebKit/537.36 (KHTML, like Gecko) Chrome/149.0.0.0 Safari/537.36','2026-06-19 18:17:44.169418',1),(63,'INFO','EMAIL','email_sent','Subject=Your gym was approved To=imports@mygym.local Sent count=1','Gym','9','{\"host\": \"smtp.gmail.com\", \"backend\": \"django.core.mail.backends.console.EmailBackend\", \"subject\": \"Your gym was approved\", \"template\": \"gym_status_owner\", \"to_email\": \"imports@mygym.local\"}','/control/gyms/9/approve/','127.0.0.1','Mozilla/5.0 (Windows NT 10.0; Win64; x64) AppleWebKit/537.36 (KHTML, like Gecko) Chrome/149.0.0.0 Safari/537.36','2026-06-19 18:17:44.364167',1),(64,'INFO','GYM','gym_approved','سالن ورزشی دبیرستان امیرخیزی approved','Gym','9','{}','/control/gyms/9/approve/','127.0.0.1','Mozilla/5.0 (Windows NT 10.0; Win64; x64) AppleWebKit/537.36 (KHTML, like Gecko) Chrome/149.0.0.0 Safari/537.36','2026-06-19 18:17:44.369120',1),(65,'INFO','EMAIL','email_sent','Subject=Your gym was approved To=imports@mygym.local Sent count=1','Gym','8','{\"host\": \"smtp.gmail.com\", \"backend\": \"django.core.mail.backends.console.EmailBackend\", \"subject\": \"Your gym was approved\", \"template\": \"gym_status_owner\", \"to_email\": \"imports@mygym.local\"}','/control/gyms/8/approve/','127.0.0.1','Mozilla/5.0 (Windows NT 10.0; Win64; x64) AppleWebKit/537.36 (KHTML, like Gecko) Chrome/149.0.0.0 Safari/537.36','2026-06-19 18:17:44.560413',1),(66,'INFO','GYM','gym_approved','سالن استخروسونای مدنی approved','Gym','8','{}','/control/gyms/8/approve/','127.0.0.1','Mozilla/5.0 (Windows NT 10.0; Win64; x64) AppleWebKit/537.36 (KHTML, like Gecko) Chrome/149.0.0.0 Safari/537.36','2026-06-19 18:17:44.567482',1),(67,'INFO','EMAIL','email_sent','Subject=Your gym was approved To=imports@mygym.local Sent count=1','Gym','7','{\"host\": \"smtp.gmail.com\", \"backend\": \"django.core.mail.backends.console.EmailBackend\", \"subject\": \"Your gym was approved\", \"template\": \"gym_status_owner\", \"to_email\": \"imports@mygym.local\"}','/control/gyms/7/approve/','127.0.0.1','Mozilla/5.0 (Windows NT 10.0; Win64; x64) AppleWebKit/537.36 (KHTML, like Gecko) Chrome/149.0.0.0 Safari/537.36','2026-06-19 18:17:44.934368',1),(68,'INFO','GYM','gym_approved','استخر دلفین آبی approved','Gym','7','{}','/control/gyms/7/approve/','127.0.0.1','Mozilla/5.0 (Windows NT 10.0; Win64; x64) AppleWebKit/537.36 (KHTML, like Gecko) Chrome/149.0.0.0 Safari/537.36','2026-06-19 18:17:44.940799',1),(69,'INFO','EMAIL','email_sent','Subject=Your gym was approved To=imports@mygym.local Sent count=1','Gym','6','{\"host\": \"smtp.gmail.com\", \"backend\": \"django.core.mail.backends.console.EmailBackend\", \"subject\": \"Your gym was approved\", \"template\": \"gym_status_owner\", \"to_email\": \"imports@mygym.local\"}','/control/gyms/6/approve/','127.0.0.1','Mozilla/5.0 (Windows NT 10.0; Win64; x64) AppleWebKit/537.36 (KHTML, like Gecko) Chrome/149.0.0.0 Safari/537.36','2026-06-19 18:17:45.145150',1),(70,'INFO','GYM','gym_approved','باشگاه فرهنگی و ورزشی آرارات تبریز approved','Gym','6','{}','/control/gyms/6/approve/','127.0.0.1','Mozilla/5.0 (Windows NT 10.0; Win64; x64) AppleWebKit/537.36 (KHTML, like Gecko) Chrome/149.0.0.0 Safari/537.36','2026-06-19 18:17:45.150772',1),(71,'INFO','EMAIL','email_sent','Subject=Your gym was approved To=imports@mygym.local Sent count=1','Gym','5','{\"host\": \"smtp.gmail.com\", \"backend\": \"django.core.mail.backends.console.EmailBackend\", \"subject\": \"Your gym was approved\", \"template\": \"gym_status_owner\", \"to_email\": \"imports@mygym.local\"}','/control/gyms/5/approve/','127.0.0.1','Mozilla/5.0 (Windows NT 10.0; Win64; x64) AppleWebKit/537.36 (KHTML, like Gecko) Chrome/149.0.0.0 Safari/537.36','2026-06-19 18:17:45.530749',1),(72,'INFO','GYM','gym_approved','سالن ورزشی قائم مقام approved','Gym','5','{}','/control/gyms/5/approve/','127.0.0.1','Mozilla/5.0 (Windows NT 10.0; Win64; x64) AppleWebKit/537.36 (KHTML, like Gecko) Chrome/149.0.0.0 Safari/537.36','2026-06-19 18:17:45.536098',1),(73,'INFO','EMAIL','email_sent','Subject=Your gym was approved To=imports@mygym.local Sent count=1','Gym','4','{\"host\": \"smtp.gmail.com\", \"backend\": \"django.core.mail.backends.console.EmailBackend\", \"subject\": \"Your gym was approved\", \"template\": \"gym_status_owner\", \"to_email\": \"imports@mygym.local\"}','/control/gyms/4/approve/','127.0.0.1','Mozilla/5.0 (Windows NT 10.0; Win64; x64) AppleWebKit/537.36 (KHTML, like Gecko) Chrome/149.0.0.0 Safari/537.36','2026-06-19 18:17:45.752237',1),(74,'INFO','GYM','gym_approved','سالن شش هزار نفری پورشریفی approved','Gym','4','{}','/control/gyms/4/approve/','127.0.0.1','Mozilla/5.0 (Windows NT 10.0; Win64; x64) AppleWebKit/537.36 (KHTML, like Gecko) Chrome/149.0.0.0 Safari/537.36','2026-06-19 18:17:45.757247',1),(75,'INFO','EMAIL','email_sent','Subject=Your gym was approved To=imports@mygym.local Sent count=1','Gym','3','{\"host\": \"smtp.gmail.com\", \"backend\": \"django.core.mail.backends.console.EmailBackend\", \"subject\": \"Your gym was approved\", \"template\": \"gym_status_owner\", \"to_email\": \"imports@mygym.local\"}','/control/gyms/3/approve/','127.0.0.1','Mozilla/5.0 (Windows NT 10.0; Win64; x64) AppleWebKit/537.36 (KHTML, like Gecko) Chrome/149.0.0.0 Safari/537.36','2026-06-19 18:17:46.323326',1),(76,'INFO','GYM','gym_approved','باشگاه گنجویان approved','Gym','3','{}','/control/gyms/3/approve/','127.0.0.1','Mozilla/5.0 (Windows NT 10.0; Win64; x64) AppleWebKit/537.36 (KHTML, like Gecko) Chrome/149.0.0.0 Safari/537.36','2026-06-19 18:17:46.329398',1),(77,'INFO','EMAIL','email_sent','Subject=Your gym was approved To=imports@mygym.local Sent count=1','Gym','2','{\"host\": \"smtp.gmail.com\", \"backend\": \"django.core.mail.backends.console.EmailBackend\", \"subject\": \"Your gym was approved\", \"template\": \"gym_status_owner\", \"to_email\": \"imports@mygym.local\"}','/control/gyms/2/approve/','127.0.0.1','Mozilla/5.0 (Windows NT 10.0; Win64; x64) AppleWebKit/537.36 (KHTML, like Gecko) Chrome/149.0.0.0 Safari/537.36','2026-06-19 18:17:46.681597',1),(78,'INFO','GYM','gym_approved','Tabriz approved','Gym','2','{}','/control/gyms/2/approve/','127.0.0.1','Mozilla/5.0 (Windows NT 10.0; Win64; x64) AppleWebKit/537.36 (KHTML, like Gecko) Chrome/149.0.0.0 Safari/537.36','2026-06-19 18:17:46.684294',1),(79,'INFO','EMAIL','email_sent','Subject=Your gym was approved To=imports@mygym.local Sent count=1','Gym','1','{\"host\": \"smtp.gmail.com\", \"backend\": \"django.core.mail.backends.console.EmailBackend\", \"subject\": \"Your gym was approved\", \"template\": \"gym_status_owner\", \"to_email\": \"imports@mygym.local\"}','/control/gyms/1/approve/','127.0.0.1','Mozilla/5.0 (Windows NT 10.0; Win64; x64) AppleWebKit/537.36 (KHTML, like Gecko) Chrome/149.0.0.0 Safari/537.36','2026-06-19 18:17:47.014794',1),(80,'INFO','GYM','gym_approved','سالن ورزشی صمد اقدمی approved','Gym','1','{}','/control/gyms/1/approve/','127.0.0.1','Mozilla/5.0 (Windows NT 10.0; Win64; x64) AppleWebKit/537.36 (KHTML, like Gecko) Chrome/149.0.0.0 Safari/537.36','2026-06-19 18:17:47.019992',1),(81,'WARNING','ADMIN','user_active_toggled','system_import_owner active=True','User','2','{}','/control/users/2/toggle-active/','127.0.0.1','Mozilla/5.0 (Windows NT 10.0; Win64; x64) AppleWebKit/537.36 (KHTML, like Gecko) Chrome/149.0.0.0 Safari/537.36','2026-06-19 18:20:56.644220',1),(82,'WARNING','SYSTEM','http_response','POST /accounts/login/ returned 403','','','{\"method\": \"POST\", \"duration_ms\": 16.7, \"status_code\": 403}','/accounts/login/','127.0.0.1','Mozilla/5.0 (Windows NT 10.0; Win64; x64) AppleWebKit/537.36 (KHTML, like Gecko) Chrome/149.0.0.0 Safari/537.36','2026-06-19 18:22:18.921061',1),(83,'WARNING','SYSTEM','http_response','POST /accounts/login/ returned 403','','','{\"method\": \"POST\", \"duration_ms\": 1.72, \"status_code\": 403}','/accounts/login/','127.0.0.1','Mozilla/5.0 (Windows NT 10.0; Win64; x64) AppleWebKit/537.36 (KHTML, like Gecko) Chrome/149.0.0.0 Safari/537.36','2026-06-19 18:23:07.525642',1),(84,'INFO','GYM','geoapify_import_completed','Imported Geoapify gyms for Tabriz: created=0, updated=15','ImportBatch','3','{\"city\": \"Tabriz\", \"source\": \"geoapify\", \"country\": \"Iran\", \"created\": 0, \"updated\": 15}','',NULL,'','2026-06-21 08:19:12.008963',NULL),(85,'WARNING','SYSTEM','http_response','GET /favicon.ico returned 404','','','{\"method\": \"GET\", \"duration_ms\": 37.76, \"status_code\": 404}','/favicon.ico','127.0.0.1','Mozilla/5.0 (Windows NT 10.0; Win64; x64) AppleWebKit/537.36 (KHTML, like Gecko) Chrome/149.0.0.0 Safari/537.36','2026-06-23 16:22:35.978927',2),(86,'ERROR','SYSTEM','unhandled_exception','(1146, \"Table \'mygym_local.bookings_gymsubscription\' doesn\'t exist\")','','','{\"exception\": \"Traceback (most recent call last):\\n  File \\\"G:\\\\UBUNTU\\\\dev\\\\portofolio\\\\mygym_startup\\\\.venv\\\\Lib\\\\site-packages\\\\django\\\\db\\\\backends\\\\utils.py\\\", line 105, in _execute\\n    return self.cursor.execute(sql, params)\\n           ~~~~~~~~~~~~~~~~~~~^^^^^^^^^^^^^\\n  File \\\"G:\\\\UBUNTU\\\\dev\\\\portofolio\\\\mygym_startup\\\\.venv\\\\Lib\\\\site-packages\\\\django\\\\db\\\\backends\\\\mysql\\\\base.py\\\", line 76, in execute\\n    return self.cursor.execute(query, args)\\n           ~~~~~~~~~~~~~~~~~~~^^^^^^^^^^^^^\\n  File \\\"G:\\\\UBUNTU\\\\dev\\\\portofolio\\\\mygym_startup\\\\.venv\\\\Lib\\\\site-packages\\\\MySQLdb\\\\cursors.py\\\", line 179, in execute\\n    res = self._query(mogrified_query)\\n  File \\\"G:\\\\UBUNTU\\\\dev\\\\portofolio\\\\mygym_startup\\\\.venv\\\\Lib\\\\site-packages\\\\MySQLdb\\\\cursors.py\\\", line 330, in _query\\n    db.query(q)\\n    ~~~~~~~~^^^\\n  File \\\"G:\\\\UBUNTU\\\\dev\\\\portofolio\\\\mygym_startup\\\\.venv\\\\Lib\\\\site-packages\\\\MySQLdb\\\\connections.py\\\", line 286, in query\\n    _mysql.connection.query(self, query)\\n    ~~~~~~~~~~~~~~~~~~~~~~~^^^^^^^^^^^^^\\nMySQLdb.ProgrammingError: (1146, \\\"Table \'mygym_local.bookings_gymsubscription\' doesn\'t exist\\\")\\n\\nThe above exception was the direct cause of the following exception:\\n\\nTraceback (most recent call last):\\n  File \\\"G:\\\\UBUNTU\\\\dev\\\\portofolio\\\\mygym_startup\\\\.venv\\\\Lib\\\\site-packages\\\\django\\\\core\\\\handlers\\\\base.py\\\", line 197, in _get_response\\n    response = wrapped_callback(request, *callback_args, **callback_kwargs)\\n  File \\\"G:\\\\UBUNTU\\\\dev\\\\portofolio\\\\mygym_startup\\\\.venv\\\\Lib\\\\site-packages\\\\django\\\\contrib\\\\auth\\\\decorators.py\\\", line 59, in _view_wrapper\\n    return view_func(request, *args, **kwargs)\\n  File \\\"G:\\\\UBUNTU\\\\dev\\\\portofolio\\\\mygym_startup\\\\apps\\\\bookings\\\\views.py\\\", line 341, in my_memberships\\n    _refresh_due_membership_qrs_for_user(request.user)\\n    ~~~~~~~~~~~~~~~~~~~~~~~~~~~~~~~~~~~~^^^^^^^^^^^^^^\\n  File \\\"G:\\\\UBUNTU\\\\dev\\\\portofolio\\\\mygym_startup\\\\apps\\\\bookings\\\\views.py\\\", line 64, in _refresh_due_membership_qrs_for_user\\n    for subscription in GymSubscription.objects.filter(customer=user, status=GymSubscription.Status.ACTIVE):\\n                        ~~~~~~~~~~~~~~~~~~~~~~~~~~~~~~^^^^^^^^^^^^^^^^^^^^^^^^^^^^^^^^^^^^^^^^^^^^^^^^^^^^^\\n  File \\\"G:\\\\UBUNTU\\\\dev\\\\portofolio\\\\mygym_startup\\\\.venv\\\\Lib\\\\site-packages\\\\django\\\\db\\\\models\\\\query.py\\\", line 386, in __iter__\\n    self._fetch_all()\\n    ~~~~~~~~~~~~~~~^^\\n  File \\\"G:\\\\UBUNTU\\\\dev\\\\portofolio\\\\mygym_startup\\\\.venv\\\\Lib\\\\site-packages\\\\django\\\\db\\\\models\\\\query.py\\\", line 1954, in _fetch_all\\n    self._result_cache = list(self._iterable_class(self))\\n                         ~~~~^^^^^^^^^^^^^^^^^^^^^^^^^^^^\\n  File \\\"G:\\\\UBUNTU\\\\dev\\\\portofolio\\\\mygym_startup\\\\.venv\\\\Lib\\\\site-packages\\\\django\\\\db\\\\models\\\\query.py\\\", line 93, in __iter__\\n    results = compiler.execute_sql(\\n        chunked_fetch=self.chunked_fetch, chunk_size=self.chunk_size\\n    )\\n  File \\\"G:\\\\UBUNTU\\\\dev\\\\portofolio\\\\mygym_startup\\\\.venv\\\\Lib\\\\site-packages\\\\django\\\\db\\\\models\\\\sql\\\\compiler.py\\\", line 1623, in execute_sql\\n    cursor.execute(sql, params)\\n    ~~~~~~~~~~~~~~^^^^^^^^^^^^^\\n  File \\\"G:\\\\UBUNTU\\\\dev\\\\portofolio\\\\mygym_startup\\\\.venv\\\\Lib\\\\site-packages\\\\django\\\\db\\\\backends\\\\utils.py\\\", line 122, in execute\\n    return super().execute(sql, params)\\n           ~~~~~~~~~~~~~~~^^^^^^^^^^^^^\\n  File \\\"G:\\\\UBUNTU\\\\dev\\\\portofolio\\\\mygym_startup\\\\.venv\\\\Lib\\\\site-packages\\\\django\\\\db\\\\backends\\\\utils.py\\\", line 79, in execute\\n    return self._execute_with_wrappers(\\n           ~~~~~~~~~~~~~~~~~~~~~~~~~~~^\\n        sql, params, many=False, executor=self._execute\\n        ^^^^^^^^^^^^^^^^^^^^^^^^^^^^^^^^^^^^^^^^^^^^^^^\\n    )\\n    ^\\n  File \\\"G:\\\\UBUNTU\\\\dev\\\\portofolio\\\\mygym_startup\\\\.venv\\\\Lib\\\\site-packages\\\\django\\\\db\\\\backends\\\\utils.py\\\", line 92, in _execute_with_wrappers\\n    return executor(sql, params, many, context)\\n  File \\\"G:\\\\UBUNTU\\\\dev\\\\portofolio\\\\mygym_startup\\\\.venv\\\\Lib\\\\site-packages\\\\django\\\\db\\\\backends\\\\utils.py\\\", line 100, in _execute\\n    with self.db.wrap_database_errors:\\n         ^^^^^^^^^^^^^^^^^^^^^^^^^^^^\\n  File \\\"G:\\\\UBUNTU\\\\dev\\\\portofolio\\\\mygym_startup\\\\.venv\\\\Lib\\\\site-packages\\\\django\\\\db\\\\utils.py\\\", line 91, in __exit__\\n    raise dj_exc_value.with_traceback(traceback) from exc_value\\n  File \\\"G:\\\\UBUNTU\\\\dev\\\\portofolio\\\\mygym_startup\\\\.venv\\\\Lib\\\\site-packages\\\\django\\\\db\\\\backends\\\\utils.py\\\", line 105, in _execute\\n    return self.cursor.execute(sql, params)\\n           ~~~~~~~~~~~~~~~~~~~^^^^^^^^^^^^^\\n  File \\\"G:\\\\UBUNTU\\\\dev\\\\portofolio\\\\mygym_startup\\\\.venv\\\\Lib\\\\site-packages\\\\django\\\\db\\\\backends\\\\mysql\\\\base.py\\\", line 76, in execute\\n    return self.cursor.execute(query, args)\\n           ~~~~~~~~~~~~~~~~~~~^^^^^^^^^^^^^\\n  File \\\"G:\\\\UBUNTU\\\\dev\\\\portofolio\\\\mygym_startup\\\\.venv\\\\Lib\\\\site-packages\\\\MySQLdb\\\\cursors.py\\\", line 179, in execute\\n    res = self._query(mogrified_query)\\n  File \\\"G:\\\\UBUNTU\\\\dev\\\\portofolio\\\\mygym_startup\\\\.venv\\\\Lib\\\\site-packages\\\\MySQLdb\\\\cursors.py\\\", line 330, in _query\\n    db.query(q)\\n    ~~~~~~~~^^^\\n  File \\\"G:\\\\UBUNTU\\\\dev\\\\portofolio\\\\mygym_startup\\\\.venv\\\\Lib\\\\site-packages\\\\MySQLdb\\\\connections.py\\\", line 286, in query\\n    _mysql.connection.query(self, query)\\n    ~~~~~~~~~~~~~~~~~~~~~~~^^^^^^^^^^^^^\\ndjango.db.utils.ProgrammingError: (1146, \\\"Table \'mygym_local.bookings_gymsubscription\' doesn\'t exist\\\")\\n\"}','/bookings/memberships/','127.0.0.1','Mozilla/5.0 (Windows NT 10.0; Win64; x64) AppleWebKit/537.36 (KHTML, like Gecko) Chrome/149.0.0.0 Safari/537.36','2026-06-23 16:22:56.527646',1),(87,'ERROR','SYSTEM','http_response','GET /bookings/memberships/ returned 500','','','{\"method\": \"GET\", \"duration_ms\": 239.3, \"status_code\": 500}','/bookings/memberships/','127.0.0.1','Mozilla/5.0 (Windows NT 10.0; Win64; x64) AppleWebKit/537.36 (KHTML, like Gecko) Chrome/149.0.0.0 Safari/537.36','2026-06-23 16:22:56.638767',1),(88,'ERROR','SYSTEM','unhandled_exception','(1146, \"Table \'mygym_local.bookings_gymsubscription\' doesn\'t exist\")','','','{\"exception\": \"Traceback (most recent call last):\\n  File \\\"G:\\\\UBUNTU\\\\dev\\\\portofolio\\\\mygym_startup\\\\.venv\\\\Lib\\\\site-packages\\\\django\\\\db\\\\backends\\\\utils.py\\\", line 105, in _execute\\n    return self.cursor.execute(sql, params)\\n           ~~~~~~~~~~~~~~~~~~~^^^^^^^^^^^^^\\n  File \\\"G:\\\\UBUNTU\\\\dev\\\\portofolio\\\\mygym_startup\\\\.venv\\\\Lib\\\\site-packages\\\\django\\\\db\\\\backends\\\\mysql\\\\base.py\\\", line 76, in execute\\n    return self.cursor.execute(query, args)\\n           ~~~~~~~~~~~~~~~~~~~^^^^^^^^^^^^^\\n  File \\\"G:\\\\UBUNTU\\\\dev\\\\portofolio\\\\mygym_startup\\\\.venv\\\\Lib\\\\site-packages\\\\MySQLdb\\\\cursors.py\\\", line 179, in execute\\n    res = self._query(mogrified_query)\\n  File \\\"G:\\\\UBUNTU\\\\dev\\\\portofolio\\\\mygym_startup\\\\.venv\\\\Lib\\\\site-packages\\\\MySQLdb\\\\cursors.py\\\", line 330, in _query\\n    db.query(q)\\n    ~~~~~~~~^^^\\n  File \\\"G:\\\\UBUNTU\\\\dev\\\\portofolio\\\\mygym_startup\\\\.venv\\\\Lib\\\\site-packages\\\\MySQLdb\\\\connections.py\\\", line 286, in query\\n    _mysql.connection.query(self, query)\\n    ~~~~~~~~~~~~~~~~~~~~~~~^^^^^^^^^^^^^\\nMySQLdb.ProgrammingError: (1146, \\\"Table \'mygym_local.bookings_gymsubscription\' doesn\'t exist\\\")\\n\\nThe above exception was the direct cause of the following exception:\\n\\nTraceback (most recent call last):\\n  File \\\"G:\\\\UBUNTU\\\\dev\\\\portofolio\\\\mygym_startup\\\\.venv\\\\Lib\\\\site-packages\\\\django\\\\core\\\\handlers\\\\base.py\\\", line 197, in _get_response\\n    response = wrapped_callback(request, *callback_args, **callback_kwargs)\\n  File \\\"G:\\\\UBUNTU\\\\dev\\\\portofolio\\\\mygym_startup\\\\.venv\\\\Lib\\\\site-packages\\\\django\\\\contrib\\\\auth\\\\decorators.py\\\", line 59, in _view_wrapper\\n    return view_func(request, *args, **kwargs)\\n  File \\\"G:\\\\UBUNTU\\\\dev\\\\portofolio\\\\mygym_startup\\\\apps\\\\dashboard\\\\views.py\\\", line 50, in customer_dashboard\\n    _refresh_due_membership_qrs_for_user(request.user)\\n    ~~~~~~~~~~~~~~~~~~~~~~~~~~~~~~~~~~~~^^^^^^^^^^^^^^\\n  File \\\"G:\\\\UBUNTU\\\\dev\\\\portofolio\\\\mygym_startup\\\\apps\\\\dashboard\\\\views.py\\\", line 12, in _refresh_due_membership_qrs_for_user\\n    for subscription in GymSubscription.objects.filter(customer=user, status=GymSubscription.Status.ACTIVE):\\n                        ~~~~~~~~~~~~~~~~~~~~~~~~~~~~~~^^^^^^^^^^^^^^^^^^^^^^^^^^^^^^^^^^^^^^^^^^^^^^^^^^^^^\\n  File \\\"G:\\\\UBUNTU\\\\dev\\\\portofolio\\\\mygym_startup\\\\.venv\\\\Lib\\\\site-packages\\\\django\\\\db\\\\models\\\\query.py\\\", line 386, in __iter__\\n    self._fetch_all()\\n    ~~~~~~~~~~~~~~~^^\\n  File \\\"G:\\\\UBUNTU\\\\dev\\\\portofolio\\\\mygym_startup\\\\.venv\\\\Lib\\\\site-packages\\\\django\\\\db\\\\models\\\\query.py\\\", line 1954, in _fetch_all\\n    self._result_cache = list(self._iterable_class(self))\\n                         ~~~~^^^^^^^^^^^^^^^^^^^^^^^^^^^^\\n  File \\\"G:\\\\UBUNTU\\\\dev\\\\portofolio\\\\mygym_startup\\\\.venv\\\\Lib\\\\site-packages\\\\django\\\\db\\\\models\\\\query.py\\\", line 93, in __iter__\\n    results = compiler.execute_sql(\\n        chunked_fetch=self.chunked_fetch, chunk_size=self.chunk_size\\n    )\\n  File \\\"G:\\\\UBUNTU\\\\dev\\\\portofolio\\\\mygym_startup\\\\.venv\\\\Lib\\\\site-packages\\\\django\\\\db\\\\models\\\\sql\\\\compiler.py\\\", line 1623, in execute_sql\\n    cursor.execute(sql, params)\\n    ~~~~~~~~~~~~~~^^^^^^^^^^^^^\\n  File \\\"G:\\\\UBUNTU\\\\dev\\\\portofolio\\\\mygym_startup\\\\.venv\\\\Lib\\\\site-packages\\\\django\\\\db\\\\backends\\\\utils.py\\\", line 122, in execute\\n    return super().execute(sql, params)\\n           ~~~~~~~~~~~~~~~^^^^^^^^^^^^^\\n  File \\\"G:\\\\UBUNTU\\\\dev\\\\portofolio\\\\mygym_startup\\\\.venv\\\\Lib\\\\site-packages\\\\django\\\\db\\\\backends\\\\utils.py\\\", line 79, in execute\\n    return self._execute_with_wrappers(\\n           ~~~~~~~~~~~~~~~~~~~~~~~~~~~^\\n        sql, params, many=False, executor=self._execute\\n        ^^^^^^^^^^^^^^^^^^^^^^^^^^^^^^^^^^^^^^^^^^^^^^^\\n    )\\n    ^\\n  File \\\"G:\\\\UBUNTU\\\\dev\\\\portofolio\\\\mygym_startup\\\\.venv\\\\Lib\\\\site-packages\\\\django\\\\db\\\\backends\\\\utils.py\\\", line 92, in _execute_with_wrappers\\n    return executor(sql, params, many, context)\\n  File \\\"G:\\\\UBUNTU\\\\dev\\\\portofolio\\\\mygym_startup\\\\.venv\\\\Lib\\\\site-packages\\\\django\\\\db\\\\backends\\\\utils.py\\\", line 100, in _execute\\n    with self.db.wrap_database_errors:\\n         ^^^^^^^^^^^^^^^^^^^^^^^^^^^^\\n  File \\\"G:\\\\UBUNTU\\\\dev\\\\portofolio\\\\mygym_startup\\\\.venv\\\\Lib\\\\site-packages\\\\django\\\\db\\\\utils.py\\\", line 91, in __exit__\\n    raise dj_exc_value.with_traceback(traceback) from exc_value\\n  File \\\"G:\\\\UBUNTU\\\\dev\\\\portofolio\\\\mygym_startup\\\\.venv\\\\Lib\\\\site-packages\\\\django\\\\db\\\\backends\\\\utils.py\\\", line 105, in _execute\\n    return self.cursor.execute(sql, params)\\n           ~~~~~~~~~~~~~~~~~~~^^^^^^^^^^^^^\\n  File \\\"G:\\\\UBUNTU\\\\dev\\\\portofolio\\\\mygym_startup\\\\.venv\\\\Lib\\\\site-packages\\\\django\\\\db\\\\backends\\\\mysql\\\\base.py\\\", line 76, in execute\\n    return self.cursor.execute(query, args)\\n           ~~~~~~~~~~~~~~~~~~~^^^^^^^^^^^^^\\n  File \\\"G:\\\\UBUNTU\\\\dev\\\\portofolio\\\\mygym_startup\\\\.venv\\\\Lib\\\\site-packages\\\\MySQLdb\\\\cursors.py\\\", line 179, in execute\\n    res = self._query(mogrified_query)\\n  File \\\"G:\\\\UBUNTU\\\\dev\\\\portofolio\\\\mygym_startup\\\\.venv\\\\Lib\\\\site-packages\\\\MySQLdb\\\\cursors.py\\\", line 330, in _query\\n    db.query(q)\\n    ~~~~~~~~^^^\\n  File \\\"G:\\\\UBUNTU\\\\dev\\\\portofolio\\\\mygym_startup\\\\.venv\\\\Lib\\\\site-packages\\\\MySQLdb\\\\connections.py\\\", line 286, in query\\n    _mysql.connection.query(self, query)\\n    ~~~~~~~~~~~~~~~~~~~~~~~^^^^^^^^^^^^^\\ndjango.db.utils.ProgrammingError: (1146, \\\"Table \'mygym_local.bookings_gymsubscription\' doesn\'t exist\\\")\\n\"}','/dashboard/customer/','127.0.0.1','Mozilla/5.0 (Windows NT 10.0; Win64; x64) AppleWebKit/537.36 (KHTML, like Gecko) Chrome/149.0.0.0 Safari/537.36','2026-06-23 16:23:05.692527',1),(89,'ERROR','SYSTEM','http_response','GET /dashboard/customer/ returned 500','','','{\"method\": \"GET\", \"duration_ms\": 50.5, \"status_code\": 500}','/dashboard/customer/','127.0.0.1','Mozilla/5.0 (Windows NT 10.0; Win64; x64) AppleWebKit/537.36 (KHTML, like Gecko) Chrome/149.0.0.0 Safari/537.36','2026-06-23 16:23:05.732909',1),(90,'INFO','EMAIL','email_sent','Subject=New booking request for مجتمع ورزشی حجاب To=imports@mygym.local Sent count=1','Booking','1','{\"host\": \"smtp.gmail.com\", \"backend\": \"django.core.mail.backends.console.EmailBackend\", \"subject\": \"New booking request for مجتمع ورزشی حجاب\", \"template\": \"booking_created_owner\", \"to_email\": \"imports@mygym.local\"}','/bookings/create/30/','127.0.0.1','Mozilla/5.0 (Windows NT 10.0; Win64; x64) AppleWebKit/537.36 (KHTML, like Gecko) Chrome/149.0.0.0 Safari/537.36','2026-06-23 16:24:13.897643',1),(91,'INFO','BOOKING','booking_created','Booking request for مجتمع ورزشی حجاب','Booking','1','{}','/bookings/create/30/','127.0.0.1','Mozilla/5.0 (Windows NT 10.0; Win64; x64) AppleWebKit/537.36 (KHTML, like Gecko) Chrome/149.0.0.0 Safari/537.36','2026-06-23 16:24:13.908937',1),(92,'ERROR','SYSTEM','unhandled_exception','(1146, \"Table \'mygym_local.bookings_gymsubscription\' doesn\'t exist\")','','','{\"exception\": \"Traceback (most recent call last):\\n  File \\\"G:\\\\UBUNTU\\\\dev\\\\portofolio\\\\mygym_startup\\\\.venv\\\\Lib\\\\site-packages\\\\django\\\\db\\\\backends\\\\utils.py\\\", line 105, in _execute\\n    return self.cursor.execute(sql, params)\\n           ~~~~~~~~~~~~~~~~~~~^^^^^^^^^^^^^\\n  File \\\"G:\\\\UBUNTU\\\\dev\\\\portofolio\\\\mygym_startup\\\\.venv\\\\Lib\\\\site-packages\\\\django\\\\db\\\\backends\\\\mysql\\\\base.py\\\", line 76, in execute\\n    return self.cursor.execute(query, args)\\n           ~~~~~~~~~~~~~~~~~~~^^^^^^^^^^^^^\\n  File \\\"G:\\\\UBUNTU\\\\dev\\\\portofolio\\\\mygym_startup\\\\.venv\\\\Lib\\\\site-packages\\\\MySQLdb\\\\cursors.py\\\", line 179, in execute\\n    res = self._query(mogrified_query)\\n  File \\\"G:\\\\UBUNTU\\\\dev\\\\portofolio\\\\mygym_startup\\\\.venv\\\\Lib\\\\site-packages\\\\MySQLdb\\\\cursors.py\\\", line 330, in _query\\n    db.query(q)\\n    ~~~~~~~~^^^\\n  File \\\"G:\\\\UBUNTU\\\\dev\\\\portofolio\\\\mygym_startup\\\\.venv\\\\Lib\\\\site-packages\\\\MySQLdb\\\\connections.py\\\", line 286, in query\\n    _mysql.connection.query(self, query)\\n    ~~~~~~~~~~~~~~~~~~~~~~~^^^^^^^^^^^^^\\nMySQLdb.ProgrammingError: (1146, \\\"Table \'mygym_local.bookings_gymsubscription\' doesn\'t exist\\\")\\n\\nThe above exception was the direct cause of the following exception:\\n\\nTraceback (most recent call last):\\n  File \\\"G:\\\\UBUNTU\\\\dev\\\\portofolio\\\\mygym_startup\\\\.venv\\\\Lib\\\\site-packages\\\\django\\\\core\\\\handlers\\\\base.py\\\", line 197, in _get_response\\n    response = wrapped_callback(request, *callback_args, **callback_kwargs)\\n  File \\\"G:\\\\UBUNTU\\\\dev\\\\portofolio\\\\mygym_startup\\\\.venv\\\\Lib\\\\site-packages\\\\django\\\\contrib\\\\auth\\\\decorators.py\\\", line 59, in _view_wrapper\\n    return view_func(request, *args, **kwargs)\\n  File \\\"G:\\\\UBUNTU\\\\dev\\\\portofolio\\\\mygym_startup\\\\apps\\\\dashboard\\\\views.py\\\", line 50, in customer_dashboard\\n    _refresh_due_membership_qrs_for_user(request.user)\\n    ~~~~~~~~~~~~~~~~~~~~~~~~~~~~~~~~~~~~^^^^^^^^^^^^^^\\n  File \\\"G:\\\\UBUNTU\\\\dev\\\\portofolio\\\\mygym_startup\\\\apps\\\\dashboard\\\\views.py\\\", line 12, in _refresh_due_membership_qrs_for_user\\n    for subscription in GymSubscription.objects.filter(customer=user, status=GymSubscription.Status.ACTIVE):\\n                        ~~~~~~~~~~~~~~~~~~~~~~~~~~~~~~^^^^^^^^^^^^^^^^^^^^^^^^^^^^^^^^^^^^^^^^^^^^^^^^^^^^^\\n  File \\\"G:\\\\UBUNTU\\\\dev\\\\portofolio\\\\mygym_startup\\\\.venv\\\\Lib\\\\site-packages\\\\django\\\\db\\\\models\\\\query.py\\\", line 386, in __iter__\\n    self._fetch_all()\\n    ~~~~~~~~~~~~~~~^^\\n  File \\\"G:\\\\UBUNTU\\\\dev\\\\portofolio\\\\mygym_startup\\\\.venv\\\\Lib\\\\site-packages\\\\django\\\\db\\\\models\\\\query.py\\\", line 1954, in _fetch_all\\n    self._result_cache = list(self._iterable_class(self))\\n                         ~~~~^^^^^^^^^^^^^^^^^^^^^^^^^^^^\\n  File \\\"G:\\\\UBUNTU\\\\dev\\\\portofolio\\\\mygym_startup\\\\.venv\\\\Lib\\\\site-packages\\\\django\\\\db\\\\models\\\\query.py\\\", line 93, in __iter__\\n    results = compiler.execute_sql(\\n        chunked_fetch=self.chunked_fetch, chunk_size=self.chunk_size\\n    )\\n  File \\\"G:\\\\UBUNTU\\\\dev\\\\portofolio\\\\mygym_startup\\\\.venv\\\\Lib\\\\site-packages\\\\django\\\\db\\\\models\\\\sql\\\\compiler.py\\\", line 1623, in execute_sql\\n    cursor.execute(sql, params)\\n    ~~~~~~~~~~~~~~^^^^^^^^^^^^^\\n  File \\\"G:\\\\UBUNTU\\\\dev\\\\portofolio\\\\mygym_startup\\\\.venv\\\\Lib\\\\site-packages\\\\django\\\\db\\\\backends\\\\utils.py\\\", line 122, in execute\\n    return super().execute(sql, params)\\n           ~~~~~~~~~~~~~~~^^^^^^^^^^^^^\\n  File \\\"G:\\\\UBUNTU\\\\dev\\\\portofolio\\\\mygym_startup\\\\.venv\\\\Lib\\\\site-packages\\\\django\\\\db\\\\backends\\\\utils.py\\\", line 79, in execute\\n    return self._execute_with_wrappers(\\n           ~~~~~~~~~~~~~~~~~~~~~~~~~~~^\\n        sql, params, many=False, executor=self._execute\\n        ^^^^^^^^^^^^^^^^^^^^^^^^^^^^^^^^^^^^^^^^^^^^^^^\\n    )\\n    ^\\n  File \\\"G:\\\\UBUNTU\\\\dev\\\\portofolio\\\\mygym_startup\\\\.venv\\\\Lib\\\\site-packages\\\\django\\\\db\\\\backends\\\\utils.py\\\", line 92, in _execute_with_wrappers\\n    return executor(sql, params, many, context)\\n  File \\\"G:\\\\UBUNTU\\\\dev\\\\portofolio\\\\mygym_startup\\\\.venv\\\\Lib\\\\site-packages\\\\django\\\\db\\\\backends\\\\utils.py\\\", line 100, in _execute\\n    with self.db.wrap_database_errors:\\n         ^^^^^^^^^^^^^^^^^^^^^^^^^^^^\\n  File \\\"G:\\\\UBUNTU\\\\dev\\\\portofolio\\\\mygym_startup\\\\.venv\\\\Lib\\\\site-packages\\\\django\\\\db\\\\utils.py\\\", line 91, in __exit__\\n    raise dj_exc_value.with_traceback(traceback) from exc_value\\n  File \\\"G:\\\\UBUNTU\\\\dev\\\\portofolio\\\\mygym_startup\\\\.venv\\\\Lib\\\\site-packages\\\\django\\\\db\\\\backends\\\\utils.py\\\", line 105, in _execute\\n    return self.cursor.execute(sql, params)\\n           ~~~~~~~~~~~~~~~~~~~^^^^^^^^^^^^^\\n  File \\\"G:\\\\UBUNTU\\\\dev\\\\portofolio\\\\mygym_startup\\\\.venv\\\\Lib\\\\site-packages\\\\django\\\\db\\\\backends\\\\mysql\\\\base.py\\\", line 76, in execute\\n    return self.cursor.execute(query, args)\\n           ~~~~~~~~~~~~~~~~~~~^^^^^^^^^^^^^\\n  File \\\"G:\\\\UBUNTU\\\\dev\\\\portofolio\\\\mygym_startup\\\\.venv\\\\Lib\\\\site-packages\\\\MySQLdb\\\\cursors.py\\\", line 179, in execute\\n    res = self._query(mogrified_query)\\n  File \\\"G:\\\\UBUNTU\\\\dev\\\\portofolio\\\\mygym_startup\\\\.venv\\\\Lib\\\\site-packages\\\\MySQLdb\\\\cursors.py\\\", line 330, in _query\\n    db.query(q)\\n    ~~~~~~~~^^^\\n  File \\\"G:\\\\UBUNTU\\\\dev\\\\portofolio\\\\mygym_startup\\\\.venv\\\\Lib\\\\site-packages\\\\MySQLdb\\\\connections.py\\\", line 286, in query\\n    _mysql.connection.query(self, query)\\n    ~~~~~~~~~~~~~~~~~~~~~~~^^^^^^^^^^^^^\\ndjango.db.utils.ProgrammingError: (1146, \\\"Table \'mygym_local.bookings_gymsubscription\' doesn\'t exist\\\")\\n\"}','/dashboard/customer/','127.0.0.1','Mozilla/5.0 (Windows NT 10.0; Win64; x64) AppleWebKit/537.36 (KHTML, like Gecko) Chrome/149.0.0.0 Safari/537.36','2026-06-23 16:24:50.508645',1),(93,'ERROR','SYSTEM','http_response','GET /dashboard/customer/ returned 500','','','{\"method\": \"GET\", \"duration_ms\": 49.6, \"status_code\": 500}','/dashboard/customer/','127.0.0.1','Mozilla/5.0 (Windows NT 10.0; Win64; x64) AppleWebKit/537.36 (KHTML, like Gecko) Chrome/149.0.0.0 Safari/537.36','2026-06-23 16:24:50.549150',1),(94,'ERROR','SYSTEM','unhandled_exception','(1146, \"Table \'mygym_local.bookings_gymsubscription\' doesn\'t exist\")','','','{\"exception\": \"Traceback (most recent call last):\\n  File \\\"G:\\\\UBUNTU\\\\dev\\\\portofolio\\\\mygym_startup\\\\.venv\\\\Lib\\\\site-packages\\\\django\\\\db\\\\backends\\\\utils.py\\\", line 105, in _execute\\n    return self.cursor.execute(sql, params)\\n           ~~~~~~~~~~~~~~~~~~~^^^^^^^^^^^^^\\n  File \\\"G:\\\\UBUNTU\\\\dev\\\\portofolio\\\\mygym_startup\\\\.venv\\\\Lib\\\\site-packages\\\\django\\\\db\\\\backends\\\\mysql\\\\base.py\\\", line 76, in execute\\n    return self.cursor.execute(query, args)\\n           ~~~~~~~~~~~~~~~~~~~^^^^^^^^^^^^^\\n  File \\\"G:\\\\UBUNTU\\\\dev\\\\portofolio\\\\mygym_startup\\\\.venv\\\\Lib\\\\site-packages\\\\MySQLdb\\\\cursors.py\\\", line 179, in execute\\n    res = self._query(mogrified_query)\\n  File \\\"G:\\\\UBUNTU\\\\dev\\\\portofolio\\\\mygym_startup\\\\.venv\\\\Lib\\\\site-packages\\\\MySQLdb\\\\cursors.py\\\", line 330, in _query\\n    db.query(q)\\n    ~~~~~~~~^^^\\n  File \\\"G:\\\\UBUNTU\\\\dev\\\\portofolio\\\\mygym_startup\\\\.venv\\\\Lib\\\\site-packages\\\\MySQLdb\\\\connections.py\\\", line 286, in query\\n    _mysql.connection.query(self, query)\\n    ~~~~~~~~~~~~~~~~~~~~~~~^^^^^^^^^^^^^\\nMySQLdb.ProgrammingError: (1146, \\\"Table \'mygym_local.bookings_gymsubscription\' doesn\'t exist\\\")\\n\\nThe above exception was the direct cause of the following exception:\\n\\nTraceback (most recent call last):\\n  File \\\"G:\\\\UBUNTU\\\\dev\\\\portofolio\\\\mygym_startup\\\\.venv\\\\Lib\\\\site-packages\\\\django\\\\core\\\\handlers\\\\base.py\\\", line 197, in _get_response\\n    response = wrapped_callback(request, *callback_args, **callback_kwargs)\\n  File \\\"G:\\\\UBUNTU\\\\dev\\\\portofolio\\\\mygym_startup\\\\.venv\\\\Lib\\\\site-packages\\\\django\\\\contrib\\\\auth\\\\decorators.py\\\", line 59, in _view_wrapper\\n    return view_func(request, *args, **kwargs)\\n  File \\\"G:\\\\UBUNTU\\\\dev\\\\portofolio\\\\mygym_startup\\\\apps\\\\dashboard\\\\views.py\\\", line 50, in customer_dashboard\\n    _refresh_due_membership_qrs_for_user(request.user)\\n    ~~~~~~~~~~~~~~~~~~~~~~~~~~~~~~~~~~~~^^^^^^^^^^^^^^\\n  File \\\"G:\\\\UBUNTU\\\\dev\\\\portofolio\\\\mygym_startup\\\\apps\\\\dashboard\\\\views.py\\\", line 12, in _refresh_due_membership_qrs_for_user\\n    for subscription in GymSubscription.objects.filter(customer=user, status=GymSubscription.Status.ACTIVE):\\n                        ~~~~~~~~~~~~~~~~~~~~~~~~~~~~~~^^^^^^^^^^^^^^^^^^^^^^^^^^^^^^^^^^^^^^^^^^^^^^^^^^^^^\\n  File \\\"G:\\\\UBUNTU\\\\dev\\\\portofolio\\\\mygym_startup\\\\.venv\\\\Lib\\\\site-packages\\\\django\\\\db\\\\models\\\\query.py\\\", line 386, in __iter__\\n    self._fetch_all()\\n    ~~~~~~~~~~~~~~~^^\\n  File \\\"G:\\\\UBUNTU\\\\dev\\\\portofolio\\\\mygym_startup\\\\.venv\\\\Lib\\\\site-packages\\\\django\\\\db\\\\models\\\\query.py\\\", line 1954, in _fetch_all\\n    self._result_cache = list(self._iterable_class(self))\\n                         ~~~~^^^^^^^^^^^^^^^^^^^^^^^^^^^^\\n  File \\\"G:\\\\UBUNTU\\\\dev\\\\portofolio\\\\mygym_startup\\\\.venv\\\\Lib\\\\site-packages\\\\django\\\\db\\\\models\\\\query.py\\\", line 93, in __iter__\\n    results = compiler.execute_sql(\\n        chunked_fetch=self.chunked_fetch, chunk_size=self.chunk_size\\n    )\\n  File \\\"G:\\\\UBUNTU\\\\dev\\\\portofolio\\\\mygym_startup\\\\.venv\\\\Lib\\\\site-packages\\\\django\\\\db\\\\models\\\\sql\\\\compiler.py\\\", line 1623, in execute_sql\\n    cursor.execute(sql, params)\\n    ~~~~~~~~~~~~~~^^^^^^^^^^^^^\\n  File \\\"G:\\\\UBUNTU\\\\dev\\\\portofolio\\\\mygym_startup\\\\.venv\\\\Lib\\\\site-packages\\\\django\\\\db\\\\backends\\\\utils.py\\\", line 122, in execute\\n    return super().execute(sql, params)\\n           ~~~~~~~~~~~~~~~^^^^^^^^^^^^^\\n  File \\\"G:\\\\UBUNTU\\\\dev\\\\portofolio\\\\mygym_startup\\\\.venv\\\\Lib\\\\site-packages\\\\django\\\\db\\\\backends\\\\utils.py\\\", line 79, in execute\\n    return self._execute_with_wrappers(\\n           ~~~~~~~~~~~~~~~~~~~~~~~~~~~^\\n        sql, params, many=False, executor=self._execute\\n        ^^^^^^^^^^^^^^^^^^^^^^^^^^^^^^^^^^^^^^^^^^^^^^^\\n    )\\n    ^\\n  File \\\"G:\\\\UBUNTU\\\\dev\\\\portofolio\\\\mygym_startup\\\\.venv\\\\Lib\\\\site-packages\\\\django\\\\db\\\\backends\\\\utils.py\\\", line 92, in _execute_with_wrappers\\n    return executor(sql, params, many, context)\\n  File \\\"G:\\\\UBUNTU\\\\dev\\\\portofolio\\\\mygym_startup\\\\.venv\\\\Lib\\\\site-packages\\\\django\\\\db\\\\backends\\\\utils.py\\\", line 100, in _execute\\n    with self.db.wrap_database_errors:\\n         ^^^^^^^^^^^^^^^^^^^^^^^^^^^^\\n  File \\\"G:\\\\UBUNTU\\\\dev\\\\portofolio\\\\mygym_startup\\\\.venv\\\\Lib\\\\site-packages\\\\django\\\\db\\\\utils.py\\\", line 91, in __exit__\\n    raise dj_exc_value.with_traceback(traceback) from exc_value\\n  File \\\"G:\\\\UBUNTU\\\\dev\\\\portofolio\\\\mygym_startup\\\\.venv\\\\Lib\\\\site-packages\\\\django\\\\db\\\\backends\\\\utils.py\\\", line 105, in _execute\\n    return self.cursor.execute(sql, params)\\n           ~~~~~~~~~~~~~~~~~~~^^^^^^^^^^^^^\\n  File \\\"G:\\\\UBUNTU\\\\dev\\\\portofolio\\\\mygym_startup\\\\.venv\\\\Lib\\\\site-packages\\\\django\\\\db\\\\backends\\\\mysql\\\\base.py\\\", line 76, in execute\\n    return self.cursor.execute(query, args)\\n           ~~~~~~~~~~~~~~~~~~~^^^^^^^^^^^^^\\n  File \\\"G:\\\\UBUNTU\\\\dev\\\\portofolio\\\\mygym_startup\\\\.venv\\\\Lib\\\\site-packages\\\\MySQLdb\\\\cursors.py\\\", line 179, in execute\\n    res = self._query(mogrified_query)\\n  File \\\"G:\\\\UBUNTU\\\\dev\\\\portofolio\\\\mygym_startup\\\\.venv\\\\Lib\\\\site-packages\\\\MySQLdb\\\\cursors.py\\\", line 330, in _query\\n    db.query(q)\\n    ~~~~~~~~^^^\\n  File \\\"G:\\\\UBUNTU\\\\dev\\\\portofolio\\\\mygym_startup\\\\.venv\\\\Lib\\\\site-packages\\\\MySQLdb\\\\connections.py\\\", line 286, in query\\n    _mysql.connection.query(self, query)\\n    ~~~~~~~~~~~~~~~~~~~~~~~^^^^^^^^^^^^^\\ndjango.db.utils.ProgrammingError: (1146, \\\"Table \'mygym_local.bookings_gymsubscription\' doesn\'t exist\\\")\\n\"}','/dashboard/customer/','127.0.0.1','Mozilla/5.0 (Windows NT 10.0; Win64; x64) AppleWebKit/537.36 (KHTML, like Gecko) Chrome/149.0.0.0 Safari/537.36','2026-06-23 16:25:15.557632',1),(95,'ERROR','SYSTEM','http_response','GET /dashboard/customer/ returned 500','','','{\"method\": \"GET\", \"duration_ms\": 62.63, \"status_code\": 500}','/dashboard/customer/','127.0.0.1','Mozilla/5.0 (Windows NT 10.0; Win64; x64) AppleWebKit/537.36 (KHTML, like Gecko) Chrome/149.0.0.0 Safari/537.36','2026-06-23 16:25:15.608631',1),(96,'ERROR','SYSTEM','unhandled_exception','(1146, \"Table \'mygym_local.bookings_gymsubscription\' doesn\'t exist\")','','','{\"exception\": \"Traceback (most recent call last):\\n  File \\\"G:\\\\UBUNTU\\\\dev\\\\portofolio\\\\mygym_startup\\\\.venv\\\\Lib\\\\site-packages\\\\django\\\\db\\\\backends\\\\utils.py\\\", line 105, in _execute\\n    return self.cursor.execute(sql, params)\\n           ~~~~~~~~~~~~~~~~~~~^^^^^^^^^^^^^\\n  File \\\"G:\\\\UBUNTU\\\\dev\\\\portofolio\\\\mygym_startup\\\\.venv\\\\Lib\\\\site-packages\\\\django\\\\db\\\\backends\\\\mysql\\\\base.py\\\", line 76, in execute\\n    return self.cursor.execute(query, args)\\n           ~~~~~~~~~~~~~~~~~~~^^^^^^^^^^^^^\\n  File \\\"G:\\\\UBUNTU\\\\dev\\\\portofolio\\\\mygym_startup\\\\.venv\\\\Lib\\\\site-packages\\\\MySQLdb\\\\cursors.py\\\", line 179, in execute\\n    res = self._query(mogrified_query)\\n  File \\\"G:\\\\UBUNTU\\\\dev\\\\portofolio\\\\mygym_startup\\\\.venv\\\\Lib\\\\site-packages\\\\MySQLdb\\\\cursors.py\\\", line 330, in _query\\n    db.query(q)\\n    ~~~~~~~~^^^\\n  File \\\"G:\\\\UBUNTU\\\\dev\\\\portofolio\\\\mygym_startup\\\\.venv\\\\Lib\\\\site-packages\\\\MySQLdb\\\\connections.py\\\", line 286, in query\\n    _mysql.connection.query(self, query)\\n    ~~~~~~~~~~~~~~~~~~~~~~~^^^^^^^^^^^^^\\nMySQLdb.ProgrammingError: (1146, \\\"Table \'mygym_local.bookings_gymsubscription\' doesn\'t exist\\\")\\n\\nThe above exception was the direct cause of the following exception:\\n\\nTraceback (most recent call last):\\n  File \\\"G:\\\\UBUNTU\\\\dev\\\\portofolio\\\\mygym_startup\\\\.venv\\\\Lib\\\\site-packages\\\\django\\\\core\\\\handlers\\\\base.py\\\", line 197, in _get_response\\n    response = wrapped_callback(request, *callback_args, **callback_kwargs)\\n  File \\\"G:\\\\UBUNTU\\\\dev\\\\portofolio\\\\mygym_startup\\\\.venv\\\\Lib\\\\site-packages\\\\django\\\\contrib\\\\auth\\\\decorators.py\\\", line 59, in _view_wrapper\\n    return view_func(request, *args, **kwargs)\\n  File \\\"G:\\\\UBUNTU\\\\dev\\\\portofolio\\\\mygym_startup\\\\apps\\\\dashboard\\\\views.py\\\", line 50, in customer_dashboard\\n    _refresh_due_membership_qrs_for_user(request.user)\\n    ~~~~~~~~~~~~~~~~~~~~~~~~~~~~~~~~~~~~^^^^^^^^^^^^^^\\n  File \\\"G:\\\\UBUNTU\\\\dev\\\\portofolio\\\\mygym_startup\\\\apps\\\\dashboard\\\\views.py\\\", line 12, in _refresh_due_membership_qrs_for_user\\n    for subscription in GymSubscription.objects.filter(customer=user, status=GymSubscription.Status.ACTIVE):\\n                        ~~~~~~~~~~~~~~~~~~~~~~~~~~~~~~^^^^^^^^^^^^^^^^^^^^^^^^^^^^^^^^^^^^^^^^^^^^^^^^^^^^^\\n  File \\\"G:\\\\UBUNTU\\\\dev\\\\portofolio\\\\mygym_startup\\\\.venv\\\\Lib\\\\site-packages\\\\django\\\\db\\\\models\\\\query.py\\\", line 386, in __iter__\\n    self._fetch_all()\\n    ~~~~~~~~~~~~~~~^^\\n  File \\\"G:\\\\UBUNTU\\\\dev\\\\portofolio\\\\mygym_startup\\\\.venv\\\\Lib\\\\site-packages\\\\django\\\\db\\\\models\\\\query.py\\\", line 1954, in _fetch_all\\n    self._result_cache = list(self._iterable_class(self))\\n                         ~~~~^^^^^^^^^^^^^^^^^^^^^^^^^^^^\\n  File \\\"G:\\\\UBUNTU\\\\dev\\\\portofolio\\\\mygym_startup\\\\.venv\\\\Lib\\\\site-packages\\\\django\\\\db\\\\models\\\\query.py\\\", line 93, in __iter__\\n    results = compiler.execute_sql(\\n        chunked_fetch=self.chunked_fetch, chunk_size=self.chunk_size\\n    )\\n  File \\\"G:\\\\UBUNTU\\\\dev\\\\portofolio\\\\mygym_startup\\\\.venv\\\\Lib\\\\site-packages\\\\django\\\\db\\\\models\\\\sql\\\\compiler.py\\\", line 1623, in execute_sql\\n    cursor.execute(sql, params)\\n    ~~~~~~~~~~~~~~^^^^^^^^^^^^^\\n  File \\\"G:\\\\UBUNTU\\\\dev\\\\portofolio\\\\mygym_startup\\\\.venv\\\\Lib\\\\site-packages\\\\django\\\\db\\\\backends\\\\utils.py\\\", line 122, in execute\\n    return super().execute(sql, params)\\n           ~~~~~~~~~~~~~~~^^^^^^^^^^^^^\\n  File \\\"G:\\\\UBUNTU\\\\dev\\\\portofolio\\\\mygym_startup\\\\.venv\\\\Lib\\\\site-packages\\\\django\\\\db\\\\backends\\\\utils.py\\\", line 79, in execute\\n    return self._execute_with_wrappers(\\n           ~~~~~~~~~~~~~~~~~~~~~~~~~~~^\\n        sql, params, many=False, executor=self._execute\\n        ^^^^^^^^^^^^^^^^^^^^^^^^^^^^^^^^^^^^^^^^^^^^^^^\\n    )\\n    ^\\n  File \\\"G:\\\\UBUNTU\\\\dev\\\\portofolio\\\\mygym_startup\\\\.venv\\\\Lib\\\\site-packages\\\\django\\\\db\\\\backends\\\\utils.py\\\", line 92, in _execute_with_wrappers\\n    return executor(sql, params, many, context)\\n  File \\\"G:\\\\UBUNTU\\\\dev\\\\portofolio\\\\mygym_startup\\\\.venv\\\\Lib\\\\site-packages\\\\django\\\\db\\\\backends\\\\utils.py\\\", line 100, in _execute\\n    with self.db.wrap_database_errors:\\n         ^^^^^^^^^^^^^^^^^^^^^^^^^^^^\\n  File \\\"G:\\\\UBUNTU\\\\dev\\\\portofolio\\\\mygym_startup\\\\.venv\\\\Lib\\\\site-packages\\\\django\\\\db\\\\utils.py\\\", line 91, in __exit__\\n    raise dj_exc_value.with_traceback(traceback) from exc_value\\n  File \\\"G:\\\\UBUNTU\\\\dev\\\\portofolio\\\\mygym_startup\\\\.venv\\\\Lib\\\\site-packages\\\\django\\\\db\\\\backends\\\\utils.py\\\", line 105, in _execute\\n    return self.cursor.execute(sql, params)\\n           ~~~~~~~~~~~~~~~~~~~^^^^^^^^^^^^^\\n  File \\\"G:\\\\UBUNTU\\\\dev\\\\portofolio\\\\mygym_startup\\\\.venv\\\\Lib\\\\site-packages\\\\django\\\\db\\\\backends\\\\mysql\\\\base.py\\\", line 76, in execute\\n    return self.cursor.execute(query, args)\\n           ~~~~~~~~~~~~~~~~~~~^^^^^^^^^^^^^\\n  File \\\"G:\\\\UBUNTU\\\\dev\\\\portofolio\\\\mygym_startup\\\\.venv\\\\Lib\\\\site-packages\\\\MySQLdb\\\\cursors.py\\\", line 179, in execute\\n    res = self._query(mogrified_query)\\n  File \\\"G:\\\\UBUNTU\\\\dev\\\\portofolio\\\\mygym_startup\\\\.venv\\\\Lib\\\\site-packages\\\\MySQLdb\\\\cursors.py\\\", line 330, in _query\\n    db.query(q)\\n    ~~~~~~~~^^^\\n  File \\\"G:\\\\UBUNTU\\\\dev\\\\portofolio\\\\mygym_startup\\\\.venv\\\\Lib\\\\site-packages\\\\MySQLdb\\\\connections.py\\\", line 286, in query\\n    _mysql.connection.query(self, query)\\n    ~~~~~~~~~~~~~~~~~~~~~~~^^^^^^^^^^^^^\\ndjango.db.utils.ProgrammingError: (1146, \\\"Table \'mygym_local.bookings_gymsubscription\' doesn\'t exist\\\")\\n\"}','/dashboard/customer/','127.0.0.1','Mozilla/5.0 (Windows NT 10.0; Win64; x64) AppleWebKit/537.36 (KHTML, like Gecko) Chrome/149.0.0.0 Safari/537.36','2026-06-23 16:25:29.217562',1),(97,'ERROR','SYSTEM','http_response','GET /dashboard/customer/ returned 500','','','{\"method\": \"GET\", \"duration_ms\": 50.12, \"status_code\": 500}','/dashboard/customer/','127.0.0.1','Mozilla/5.0 (Windows NT 10.0; Win64; x64) AppleWebKit/537.36 (KHTML, like Gecko) Chrome/149.0.0.0 Safari/537.36','2026-06-23 16:25:29.257544',1),(98,'ERROR','SYSTEM','unhandled_exception','(1146, \"Table \'mygym_local.bookings_gymsubscription\' doesn\'t exist\")','','','{\"exception\": \"Traceback (most recent call last):\\n  File \\\"G:\\\\UBUNTU\\\\dev\\\\portofolio\\\\mygym_startup\\\\.venv\\\\Lib\\\\site-packages\\\\django\\\\db\\\\backends\\\\utils.py\\\", line 105, in _execute\\n    return self.cursor.execute(sql, params)\\n           ~~~~~~~~~~~~~~~~~~~^^^^^^^^^^^^^\\n  File \\\"G:\\\\UBUNTU\\\\dev\\\\portofolio\\\\mygym_startup\\\\.venv\\\\Lib\\\\site-packages\\\\django\\\\db\\\\backends\\\\mysql\\\\base.py\\\", line 76, in execute\\n    return self.cursor.execute(query, args)\\n           ~~~~~~~~~~~~~~~~~~~^^^^^^^^^^^^^\\n  File \\\"G:\\\\UBUNTU\\\\dev\\\\portofolio\\\\mygym_startup\\\\.venv\\\\Lib\\\\site-packages\\\\MySQLdb\\\\cursors.py\\\", line 179, in execute\\n    res = self._query(mogrified_query)\\n  File \\\"G:\\\\UBUNTU\\\\dev\\\\portofolio\\\\mygym_startup\\\\.venv\\\\Lib\\\\site-packages\\\\MySQLdb\\\\cursors.py\\\", line 330, in _query\\n    db.query(q)\\n    ~~~~~~~~^^^\\n  File \\\"G:\\\\UBUNTU\\\\dev\\\\portofolio\\\\mygym_startup\\\\.venv\\\\Lib\\\\site-packages\\\\MySQLdb\\\\connections.py\\\", line 286, in query\\n    _mysql.connection.query(self, query)\\n    ~~~~~~~~~~~~~~~~~~~~~~~^^^^^^^^^^^^^\\nMySQLdb.ProgrammingError: (1146, \\\"Table \'mygym_local.bookings_gymsubscription\' doesn\'t exist\\\")\\n\\nThe above exception was the direct cause of the following exception:\\n\\nTraceback (most recent call last):\\n  File \\\"G:\\\\UBUNTU\\\\dev\\\\portofolio\\\\mygym_startup\\\\.venv\\\\Lib\\\\site-packages\\\\django\\\\core\\\\handlers\\\\base.py\\\", line 197, in _get_response\\n    response = wrapped_callback(request, *callback_args, **callback_kwargs)\\n  File \\\"G:\\\\UBUNTU\\\\dev\\\\portofolio\\\\mygym_startup\\\\.venv\\\\Lib\\\\site-packages\\\\django\\\\contrib\\\\auth\\\\decorators.py\\\", line 59, in _view_wrapper\\n    return view_func(request, *args, **kwargs)\\n  File \\\"G:\\\\UBUNTU\\\\dev\\\\portofolio\\\\mygym_startup\\\\apps\\\\bookings\\\\views.py\\\", line 282, in my_sessions\\n    _refresh_due_membership_qrs_for_user(request.user)\\n    ~~~~~~~~~~~~~~~~~~~~~~~~~~~~~~~~~~~~^^^^^^^^^^^^^^\\n  File \\\"G:\\\\UBUNTU\\\\dev\\\\portofolio\\\\mygym_startup\\\\apps\\\\bookings\\\\views.py\\\", line 64, in _refresh_due_membership_qrs_for_user\\n    for subscription in GymSubscription.objects.filter(customer=user, status=GymSubscription.Status.ACTIVE):\\n                        ~~~~~~~~~~~~~~~~~~~~~~~~~~~~~~^^^^^^^^^^^^^^^^^^^^^^^^^^^^^^^^^^^^^^^^^^^^^^^^^^^^^\\n  File \\\"G:\\\\UBUNTU\\\\dev\\\\portofolio\\\\mygym_startup\\\\.venv\\\\Lib\\\\site-packages\\\\django\\\\db\\\\models\\\\query.py\\\", line 386, in __iter__\\n    self._fetch_all()\\n    ~~~~~~~~~~~~~~~^^\\n  File \\\"G:\\\\UBUNTU\\\\dev\\\\portofolio\\\\mygym_startup\\\\.venv\\\\Lib\\\\site-packages\\\\django\\\\db\\\\models\\\\query.py\\\", line 1954, in _fetch_all\\n    self._result_cache = list(self._iterable_class(self))\\n                         ~~~~^^^^^^^^^^^^^^^^^^^^^^^^^^^^\\n  File \\\"G:\\\\UBUNTU\\\\dev\\\\portofolio\\\\mygym_startup\\\\.venv\\\\Lib\\\\site-packages\\\\django\\\\db\\\\models\\\\query.py\\\", line 93, in __iter__\\n    results = compiler.execute_sql(\\n        chunked_fetch=self.chunked_fetch, chunk_size=self.chunk_size\\n    )\\n  File \\\"G:\\\\UBUNTU\\\\dev\\\\portofolio\\\\mygym_startup\\\\.venv\\\\Lib\\\\site-packages\\\\django\\\\db\\\\models\\\\sql\\\\compiler.py\\\", line 1623, in execute_sql\\n    cursor.execute(sql, params)\\n    ~~~~~~~~~~~~~~^^^^^^^^^^^^^\\n  File \\\"G:\\\\UBUNTU\\\\dev\\\\portofolio\\\\mygym_startup\\\\.venv\\\\Lib\\\\site-packages\\\\django\\\\db\\\\backends\\\\utils.py\\\", line 122, in execute\\n    return super().execute(sql, params)\\n           ~~~~~~~~~~~~~~~^^^^^^^^^^^^^\\n  File \\\"G:\\\\UBUNTU\\\\dev\\\\portofolio\\\\mygym_startup\\\\.venv\\\\Lib\\\\site-packages\\\\django\\\\db\\\\backends\\\\utils.py\\\", line 79, in execute\\n    return self._execute_with_wrappers(\\n           ~~~~~~~~~~~~~~~~~~~~~~~~~~~^\\n        sql, params, many=False, executor=self._execute\\n        ^^^^^^^^^^^^^^^^^^^^^^^^^^^^^^^^^^^^^^^^^^^^^^^\\n    )\\n    ^\\n  File \\\"G:\\\\UBUNTU\\\\dev\\\\portofolio\\\\mygym_startup\\\\.venv\\\\Lib\\\\site-packages\\\\django\\\\db\\\\backends\\\\utils.py\\\", line 92, in _execute_with_wrappers\\n    return executor(sql, params, many, context)\\n  File \\\"G:\\\\UBUNTU\\\\dev\\\\portofolio\\\\mygym_startup\\\\.venv\\\\Lib\\\\site-packages\\\\django\\\\db\\\\backends\\\\utils.py\\\", line 100, in _execute\\n    with self.db.wrap_database_errors:\\n         ^^^^^^^^^^^^^^^^^^^^^^^^^^^^\\n  File \\\"G:\\\\UBUNTU\\\\dev\\\\portofolio\\\\mygym_startup\\\\.venv\\\\Lib\\\\site-packages\\\\django\\\\db\\\\utils.py\\\", line 91, in __exit__\\n    raise dj_exc_value.with_traceback(traceback) from exc_value\\n  File \\\"G:\\\\UBUNTU\\\\dev\\\\portofolio\\\\mygym_startup\\\\.venv\\\\Lib\\\\site-packages\\\\django\\\\db\\\\backends\\\\utils.py\\\", line 105, in _execute\\n    return self.cursor.execute(sql, params)\\n           ~~~~~~~~~~~~~~~~~~~^^^^^^^^^^^^^\\n  File \\\"G:\\\\UBUNTU\\\\dev\\\\portofolio\\\\mygym_startup\\\\.venv\\\\Lib\\\\site-packages\\\\django\\\\db\\\\backends\\\\mysql\\\\base.py\\\", line 76, in execute\\n    return self.cursor.execute(query, args)\\n           ~~~~~~~~~~~~~~~~~~~^^^^^^^^^^^^^\\n  File \\\"G:\\\\UBUNTU\\\\dev\\\\portofolio\\\\mygym_startup\\\\.venv\\\\Lib\\\\site-packages\\\\MySQLdb\\\\cursors.py\\\", line 179, in execute\\n    res = self._query(mogrified_query)\\n  File \\\"G:\\\\UBUNTU\\\\dev\\\\portofolio\\\\mygym_startup\\\\.venv\\\\Lib\\\\site-packages\\\\MySQLdb\\\\cursors.py\\\", line 330, in _query\\n    db.query(q)\\n    ~~~~~~~~^^^\\n  File \\\"G:\\\\UBUNTU\\\\dev\\\\portofolio\\\\mygym_startup\\\\.venv\\\\Lib\\\\site-packages\\\\MySQLdb\\\\connections.py\\\", line 286, in query\\n    _mysql.connection.query(self, query)\\n    ~~~~~~~~~~~~~~~~~~~~~~~^^^^^^^^^^^^^\\ndjango.db.utils.ProgrammingError: (1146, \\\"Table \'mygym_local.bookings_gymsubscription\' doesn\'t exist\\\")\\n\"}','/bookings/sessions/','127.0.0.1','Mozilla/5.0 (Windows NT 10.0; Win64; x64) AppleWebKit/537.36 (KHTML, like Gecko) Chrome/149.0.0.0 Safari/537.36','2026-06-23 16:25:43.755974',1),(99,'ERROR','SYSTEM','http_response','GET /bookings/sessions/ returned 500','','','{\"method\": \"GET\", \"duration_ms\": 344.03, \"status_code\": 500}','/bookings/sessions/','127.0.0.1','Mozilla/5.0 (Windows NT 10.0; Win64; x64) AppleWebKit/537.36 (KHTML, like Gecko) Chrome/149.0.0.0 Safari/537.36','2026-06-23 16:25:44.089176',1),(100,'ERROR','SYSTEM','unhandled_exception','(1146, \"Table \'mygym_local.bookings_gymsubscription\' doesn\'t exist\")','','','{\"exception\": \"Traceback (most recent call last):\\n  File \\\"G:\\\\UBUNTU\\\\dev\\\\portofolio\\\\mygym_startup\\\\.venv\\\\Lib\\\\site-packages\\\\django\\\\db\\\\backends\\\\utils.py\\\", line 105, in _execute\\n    return self.cursor.execute(sql, params)\\n           ~~~~~~~~~~~~~~~~~~~^^^^^^^^^^^^^\\n  File \\\"G:\\\\UBUNTU\\\\dev\\\\portofolio\\\\mygym_startup\\\\.venv\\\\Lib\\\\site-packages\\\\django\\\\db\\\\backends\\\\mysql\\\\base.py\\\", line 76, in execute\\n    return self.cursor.execute(query, args)\\n           ~~~~~~~~~~~~~~~~~~~^^^^^^^^^^^^^\\n  File \\\"G:\\\\UBUNTU\\\\dev\\\\portofolio\\\\mygym_startup\\\\.venv\\\\Lib\\\\site-packages\\\\MySQLdb\\\\cursors.py\\\", line 179, in execute\\n    res = self._query(mogrified_query)\\n  File \\\"G:\\\\UBUNTU\\\\dev\\\\portofolio\\\\mygym_startup\\\\.venv\\\\Lib\\\\site-packages\\\\MySQLdb\\\\cursors.py\\\", line 330, in _query\\n    db.query(q)\\n    ~~~~~~~~^^^\\n  File \\\"G:\\\\UBUNTU\\\\dev\\\\portofolio\\\\mygym_startup\\\\.venv\\\\Lib\\\\site-packages\\\\MySQLdb\\\\connections.py\\\", line 286, in query\\n    _mysql.connection.query(self, query)\\n    ~~~~~~~~~~~~~~~~~~~~~~~^^^^^^^^^^^^^\\nMySQLdb.ProgrammingError: (1146, \\\"Table \'mygym_local.bookings_gymsubscription\' doesn\'t exist\\\")\\n\\nThe above exception was the direct cause of the following exception:\\n\\nTraceback (most recent call last):\\n  File \\\"G:\\\\UBUNTU\\\\dev\\\\portofolio\\\\mygym_startup\\\\.venv\\\\Lib\\\\site-packages\\\\django\\\\core\\\\handlers\\\\base.py\\\", line 197, in _get_response\\n    response = wrapped_callback(request, *callback_args, **callback_kwargs)\\n  File \\\"G:\\\\UBUNTU\\\\dev\\\\portofolio\\\\mygym_startup\\\\.venv\\\\Lib\\\\site-packages\\\\django\\\\contrib\\\\auth\\\\decorators.py\\\", line 59, in _view_wrapper\\n    return view_func(request, *args, **kwargs)\\n  File \\\"G:\\\\UBUNTU\\\\dev\\\\portofolio\\\\mygym_startup\\\\apps\\\\bookings\\\\views.py\\\", line 341, in my_memberships\\n    _refresh_due_membership_qrs_for_user(request.user)\\n    ~~~~~~~~~~~~~~~~~~~~~~~~~~~~~~~~~~~~^^^^^^^^^^^^^^\\n  File \\\"G:\\\\UBUNTU\\\\dev\\\\portofolio\\\\mygym_startup\\\\apps\\\\bookings\\\\views.py\\\", line 64, in _refresh_due_membership_qrs_for_user\\n    for subscription in GymSubscription.objects.filter(customer=user, status=GymSubscription.Status.ACTIVE):\\n                        ~~~~~~~~~~~~~~~~~~~~~~~~~~~~~~^^^^^^^^^^^^^^^^^^^^^^^^^^^^^^^^^^^^^^^^^^^^^^^^^^^^^\\n  File \\\"G:\\\\UBUNTU\\\\dev\\\\portofolio\\\\mygym_startup\\\\.venv\\\\Lib\\\\site-packages\\\\django\\\\db\\\\models\\\\query.py\\\", line 386, in __iter__\\n    self._fetch_all()\\n    ~~~~~~~~~~~~~~~^^\\n  File \\\"G:\\\\UBUNTU\\\\dev\\\\portofolio\\\\mygym_startup\\\\.venv\\\\Lib\\\\site-packages\\\\django\\\\db\\\\models\\\\query.py\\\", line 1954, in _fetch_all\\n    self._result_cache = list(self._iterable_class(self))\\n                         ~~~~^^^^^^^^^^^^^^^^^^^^^^^^^^^^\\n  File \\\"G:\\\\UBUNTU\\\\dev\\\\portofolio\\\\mygym_startup\\\\.venv\\\\Lib\\\\site-packages\\\\django\\\\db\\\\models\\\\query.py\\\", line 93, in __iter__\\n    results = compiler.execute_sql(\\n        chunked_fetch=self.chunked_fetch, chunk_size=self.chunk_size\\n    )\\n  File \\\"G:\\\\UBUNTU\\\\dev\\\\portofolio\\\\mygym_startup\\\\.venv\\\\Lib\\\\site-packages\\\\django\\\\db\\\\models\\\\sql\\\\compiler.py\\\", line 1623, in execute_sql\\n    cursor.execute(sql, params)\\n    ~~~~~~~~~~~~~~^^^^^^^^^^^^^\\n  File \\\"G:\\\\UBUNTU\\\\dev\\\\portofolio\\\\mygym_startup\\\\.venv\\\\Lib\\\\site-packages\\\\django\\\\db\\\\backends\\\\utils.py\\\", line 122, in execute\\n    return super().execute(sql, params)\\n           ~~~~~~~~~~~~~~~^^^^^^^^^^^^^\\n  File \\\"G:\\\\UBUNTU\\\\dev\\\\portofolio\\\\mygym_startup\\\\.venv\\\\Lib\\\\site-packages\\\\django\\\\db\\\\backends\\\\utils.py\\\", line 79, in execute\\n    return self._execute_with_wrappers(\\n           ~~~~~~~~~~~~~~~~~~~~~~~~~~~^\\n        sql, params, many=False, executor=self._execute\\n        ^^^^^^^^^^^^^^^^^^^^^^^^^^^^^^^^^^^^^^^^^^^^^^^\\n    )\\n    ^\\n  File \\\"G:\\\\UBUNTU\\\\dev\\\\portofolio\\\\mygym_startup\\\\.venv\\\\Lib\\\\site-packages\\\\django\\\\db\\\\backends\\\\utils.py\\\", line 92, in _execute_with_wrappers\\n    return executor(sql, params, many, context)\\n  File \\\"G:\\\\UBUNTU\\\\dev\\\\portofolio\\\\mygym_startup\\\\.venv\\\\Lib\\\\site-packages\\\\django\\\\db\\\\backends\\\\utils.py\\\", line 100, in _execute\\n    with self.db.wrap_database_errors:\\n         ^^^^^^^^^^^^^^^^^^^^^^^^^^^^\\n  File \\\"G:\\\\UBUNTU\\\\dev\\\\portofolio\\\\mygym_startup\\\\.venv\\\\Lib\\\\site-packages\\\\django\\\\db\\\\utils.py\\\", line 91, in __exit__\\n    raise dj_exc_value.with_traceback(traceback) from exc_value\\n  File \\\"G:\\\\UBUNTU\\\\dev\\\\portofolio\\\\mygym_startup\\\\.venv\\\\Lib\\\\site-packages\\\\django\\\\db\\\\backends\\\\utils.py\\\", line 105, in _execute\\n    return self.cursor.execute(sql, params)\\n           ~~~~~~~~~~~~~~~~~~~^^^^^^^^^^^^^\\n  File \\\"G:\\\\UBUNTU\\\\dev\\\\portofolio\\\\mygym_startup\\\\.venv\\\\Lib\\\\site-packages\\\\django\\\\db\\\\backends\\\\mysql\\\\base.py\\\", line 76, in execute\\n    return self.cursor.execute(query, args)\\n           ~~~~~~~~~~~~~~~~~~~^^^^^^^^^^^^^\\n  File \\\"G:\\\\UBUNTU\\\\dev\\\\portofolio\\\\mygym_startup\\\\.venv\\\\Lib\\\\site-packages\\\\MySQLdb\\\\cursors.py\\\", line 179, in execute\\n    res = self._query(mogrified_query)\\n  File \\\"G:\\\\UBUNTU\\\\dev\\\\portofolio\\\\mygym_startup\\\\.venv\\\\Lib\\\\site-packages\\\\MySQLdb\\\\cursors.py\\\", line 330, in _query\\n    db.query(q)\\n    ~~~~~~~~^^^\\n  File \\\"G:\\\\UBUNTU\\\\dev\\\\portofolio\\\\mygym_startup\\\\.venv\\\\Lib\\\\site-packages\\\\MySQLdb\\\\connections.py\\\", line 286, in query\\n    _mysql.connection.query(self, query)\\n    ~~~~~~~~~~~~~~~~~~~~~~~^^^^^^^^^^^^^\\ndjango.db.utils.ProgrammingError: (1146, \\\"Table \'mygym_local.bookings_gymsubscription\' doesn\'t exist\\\")\\n\"}','/bookings/memberships/','127.0.0.1','Mozilla/5.0 (Windows NT 10.0; Win64; x64) AppleWebKit/537.36 (KHTML, like Gecko) Chrome/149.0.0.0 Safari/537.36','2026-06-23 16:25:55.623533',1),(101,'ERROR','SYSTEM','http_response','GET /bookings/memberships/ returned 500','','','{\"method\": \"GET\", \"duration_ms\": 201.67, \"status_code\": 500}','/bookings/memberships/','127.0.0.1','Mozilla/5.0 (Windows NT 10.0; Win64; x64) AppleWebKit/537.36 (KHTML, like Gecko) Chrome/149.0.0.0 Safari/537.36','2026-06-23 16:25:55.775462',1),(102,'INFO','SESSION','session_created','Session created for booking 1','Session','1','{}','/bookings/1/confirm/','127.0.0.1','Mozilla/5.0 (Windows NT 10.0; Win64; x64) AppleWebKit/537.36 (KHTML, like Gecko) Chrome/149.0.0.0 Safari/537.36','2026-06-23 16:32:54.038433',2),(103,'INFO','EMAIL','email_sent','Subject=myGym booking confirmed To=arad.mealzo@gmail.com Sent count=1','Booking','1','{\"host\": \"smtp.gmail.com\", \"backend\": \"django.core.mail.backends.console.EmailBackend\", \"subject\": \"myGym booking confirmed\", \"template\": \"booking_status_customer\", \"to_email\": \"arad.mealzo@gmail.com\"}','/bookings/1/confirm/','127.0.0.1','Mozilla/5.0 (Windows NT 10.0; Win64; x64) AppleWebKit/537.36 (KHTML, like Gecko) Chrome/149.0.0.0 Safari/537.36','2026-06-23 16:32:54.100242',2),(104,'INFO','EMAIL','email_sent','Subject=Your myGym session QR for مجتمع ورزشی حجاب To=arad.mealzo@gmail.com Sent count=1','Session','1','{\"host\": \"smtp.gmail.com\", \"backend\": \"django.core.mail.backends.console.EmailBackend\", \"subject\": \"Your myGym session QR for مجتمع ورزشی حجاب\", \"template\": \"session_qr_customer\", \"to_email\": \"arad.mealzo@gmail.com\"}','/bookings/1/confirm/','127.0.0.1','Mozilla/5.0 (Windows NT 10.0; Win64; x64) AppleWebKit/537.36 (KHTML, like Gecko) Chrome/149.0.0.0 Safari/537.36','2026-06-23 16:32:54.392459',2),(105,'INFO','BOOKING','booking_status_updated','Booking 1 moved from PENDING to CONFIRMED','Booking','1','{\"new_status\": \"CONFIRMED\", \"old_status\": \"PENDING\"}','/bookings/1/confirm/','127.0.0.1','Mozilla/5.0 (Windows NT 10.0; Win64; x64) AppleWebKit/537.36 (KHTML, like Gecko) Chrome/149.0.0.0 Safari/537.36','2026-06-23 16:32:54.397863',2),(106,'WARNING','SYSTEM','http_response','GET /favicon.ico returned 404','','','{\"method\": \"GET\", \"duration_ms\": 3.84, \"status_code\": 404}','/favicon.ico','192.168.100.227','Mozilla/5.0 (iPhone; CPU iPhone OS 18_7 like Mac OS X) AppleWebKit/605.1.15 (KHTML, like Gecko) Version/26.2 Mobile/15E148 Safari/604.1','2026-06-23 16:33:04.319340',NULL),(107,'WARNING','SYSTEM','http_response','GET /favicon.ico returned 404','','','{\"method\": \"GET\", \"duration_ms\": 3.22, \"status_code\": 404}','/favicon.ico','192.168.100.15','Mozilla/5.0 (Linux; Android 10; K) AppleWebKit/537.36 (KHTML, like Gecko) Chrome/149.0.0.0 Mobile Safari/537.36','2026-06-23 16:33:53.611987',NULL),(108,'INFO','CHECKIN','session_checkin_confirmed','Session 1 checked in','GymCheckIn','1','{}','/bookings/sessions/check-in/c388b7fe-d7b6-4db0-a2ec-4468396bfc77/','192.168.100.15','Mozilla/5.0 (Linux; Android 10; K) AppleWebKit/537.36 (KHTML, like Gecko) Chrome/149.0.0.0 Mobile Safari/537.36','2026-06-23 16:35:07.811213',2),(109,'INFO','EMAIL','email_sent','Subject=New booking request for مجتمع ورزشی حجاب To=imports@mygym.local Sent count=1','Booking','2','{\"host\": \"smtp.gmail.com\", \"backend\": \"django.core.mail.backends.console.EmailBackend\", \"subject\": \"New booking request for مجتمع ورزشی حجاب\", \"template\": \"booking_created_owner\", \"to_email\": \"imports@mygym.local\"}','/bookings/create/30/','192.168.100.227','Mozilla/5.0 (iPhone; CPU iPhone OS 18_7 like Mac OS X) AppleWebKit/605.1.15 (KHTML, like Gecko) Version/26.2 Mobile/15E148 Safari/604.1','2026-06-23 16:35:30.536465',1),(110,'INFO','BOOKING','booking_created','Booking request for مجتمع ورزشی حجاب','Booking','2','{}','/bookings/create/30/','192.168.100.227','Mozilla/5.0 (iPhone; CPU iPhone OS 18_7 like Mac OS X) AppleWebKit/605.1.15 (KHTML, like Gecko) Version/26.2 Mobile/15E148 Safari/604.1','2026-06-23 16:35:30.545202',1),(111,'INFO','SESSION','session_created','Session created for booking 2','Session','2','{}','/bookings/2/confirm/','192.168.100.15','Mozilla/5.0 (Linux; Android 10; K) AppleWebKit/537.36 (KHTML, like Gecko) Chrome/149.0.0.0 Mobile Safari/537.36','2026-06-23 16:35:45.619008',2),(112,'INFO','SUBSCRIPTION','subscription_created','Access pass created for booking 2','GymSubscription','1','{}','/bookings/2/confirm/','192.168.100.15','Mozilla/5.0 (Linux; Android 10; K) AppleWebKit/537.36 (KHTML, like Gecko) Chrome/149.0.0.0 Mobile Safari/537.36','2026-06-23 16:35:45.619681',2),(113,'INFO','EMAIL','email_sent','Subject=myGym booking confirmed To=arad.mealzo@gmail.com Sent count=1','Booking','2','{\"host\": \"smtp.gmail.com\", \"backend\": \"django.core.mail.backends.console.EmailBackend\", \"subject\": \"myGym booking confirmed\", \"template\": \"booking_status_customer\", \"to_email\": \"arad.mealzo@gmail.com\"}','/bookings/2/confirm/','192.168.100.15','Mozilla/5.0 (Linux; Android 10; K) AppleWebKit/537.36 (KHTML, like Gecko) Chrome/149.0.0.0 Mobile Safari/537.36','2026-06-23 16:35:45.626302',2),(114,'INFO','EMAIL','email_sent','Subject=Your myGym session QR for مجتمع ورزشی حجاب To=arad.mealzo@gmail.com Sent count=1','Session','2','{\"host\": \"smtp.gmail.com\", \"backend\": \"django.core.mail.backends.console.EmailBackend\", \"subject\": \"Your myGym session QR for مجتمع ورزشی حجاب\", \"template\": \"session_qr_customer\", \"to_email\": \"arad.mealzo@gmail.com\"}','/bookings/2/confirm/','192.168.100.15','Mozilla/5.0 (Linux; Android 10; K) AppleWebKit/537.36 (KHTML, like Gecko) Chrome/149.0.0.0 Mobile Safari/537.36','2026-06-23 16:35:45.648577',2),(115,'INFO','EMAIL','email_sent','Subject=Your myGym Access Pass for مجتمع ورزشی حجاب To=arad.mealzo@gmail.com Sent count=1','GymSubscription','1','{\"host\": \"smtp.gmail.com\", \"backend\": \"django.core.mail.backends.console.EmailBackend\", \"subject\": \"Your myGym Access Pass for مجتمع ورزشی حجاب\", \"template\": \"membership_access_pass_customer\", \"to_email\": \"arad.mealzo@gmail.com\"}','/bookings/2/confirm/','192.168.100.15','Mozilla/5.0 (Linux; Android 10; K) AppleWebKit/537.36 (KHTML, like Gecko) Chrome/149.0.0.0 Mobile Safari/537.36','2026-06-23 16:35:45.675731',2),(116,'INFO','BOOKING','booking_status_updated','Booking 2 moved from PENDING to CONFIRMED','Booking','2','{\"new_status\": \"CONFIRMED\", \"old_status\": \"PENDING\"}','/bookings/2/confirm/','192.168.100.15','Mozilla/5.0 (Linux; Android 10; K) AppleWebKit/537.36 (KHTML, like Gecko) Chrome/149.0.0.0 Mobile Safari/537.36','2026-06-23 16:35:45.682386',2),(117,'INFO','CHECKIN','session_checkin_confirmed','Session 2 checked in','GymCheckIn','2','{}','/bookings/sessions/check-in/b28d1f40-7606-466f-b7ad-aad690848675/','192.168.100.15','Mozilla/5.0 (Linux; Android 10; K) AppleWebKit/537.36 (KHTML, like Gecko) Chrome/149.0.0.0 Mobile Safari/537.36','2026-06-23 16:36:40.518375',2),(118,'WARNING','SYSTEM','http_response','GET /favicon.ico returned 404','','','{\"method\": \"GET\", \"duration_ms\": 17.63, \"status_code\": 404}','/favicon.ico','127.0.0.1','Mozilla/5.0 (Windows NT 10.0; Win64; x64) AppleWebKit/537.36 (KHTML, like Gecko) Chrome/149.0.0.0 Safari/537.36','2026-06-26 16:32:48.940728',2),(119,'WARNING','SYSTEM','http_response','GET /apple-touch-icon-precomposed.png returned 404','','','{\"method\": \"GET\", \"duration_ms\": 3.43, \"status_code\": 404}','/apple-touch-icon-precomposed.png','192.168.100.227','NetworkingExtension/8623.1.14.10.9 Network/5569.60.39.0.3 iOS/26.2','2026-06-26 16:53:13.344768',NULL),(120,'WARNING','SYSTEM','http_response','GET /apple-touch-icon.png returned 404','','','{\"method\": \"GET\", \"duration_ms\": 3.54, \"status_code\": 404}','/apple-touch-icon.png','192.168.100.227','NetworkingExtension/8623.1.14.10.9 Network/5569.60.39.0.3 iOS/26.2','2026-06-26 16:53:13.367143',NULL),(121,'WARNING','SYSTEM','http_response','GET /favicon.ico returned 404','','','{\"method\": \"GET\", \"duration_ms\": 4.13, \"status_code\": 404}','/favicon.ico','192.168.100.227','NetworkingExtension/8623.1.14.10.9 Network/5569.60.39.0.3 iOS/26.2','2026-06-26 16:53:13.367648',NULL),(122,'WARNING','SYSTEM','http_response','GET /favicon.ico returned 404','','','{\"method\": \"GET\", \"duration_ms\": 3.21, \"status_code\": 404}','/favicon.ico','192.168.100.15','Mozilla/5.0 (Linux; Android 10; K) AppleWebKit/537.36 (KHTML, like Gecko) Chrome/149.0.0.0 Mobile Safari/537.36','2026-06-26 16:53:58.290164',2),(123,'INFO','CHECKIN','membership_checkin_confirmed','Subscription 1 checked in','GymCheckIn','3','{}','/bookings/memberships/check-in/61e966f4-adcb-4c26-9b4e-98a12cb38297/','192.168.100.15','Mozilla/5.0 (Linux; Android 10; K) AppleWebKit/537.36 (KHTML, like Gecko) Chrome/149.0.0.0 Mobile Safari/537.36','2026-06-26 16:54:17.743469',2),(124,'INFO','EMAIL','email_sent','Subject=Your gym was approved To=imports@mygym.local Sent count=1','Gym','15','{\"host\": \"smtp.gmail.com\", \"backend\": \"django.core.mail.backends.smtp.EmailBackend\", \"subject\": \"Your gym was approved\", \"template\": \"gym_status_owner\", \"to_email\": \"imports@mygym.local\"}','/control/gyms/15/approve/','192.168.100.227','Mozilla/5.0 (iPhone; CPU iPhone OS 18_7 like Mac OS X) AppleWebKit/605.1.15 (KHTML, like Gecko) Version/26.2 Mobile/15E148 Safari/604.1','2026-06-26 16:58:00.625186',1),(125,'INFO','GYM','gym_approved','استخر سرپوشیده دانشگاه علوم پزشکی approved','Gym','15','{}','/control/gyms/15/approve/','192.168.100.227','Mozilla/5.0 (iPhone; CPU iPhone OS 18_7 like Mac OS X) AppleWebKit/605.1.15 (KHTML, like Gecko) Version/26.2 Mobile/15E148 Safari/604.1','2026-06-26 16:58:00.749224',1),(126,'INFO','EMAIL','email_sent','Subject=Your gym was approved To=imports@mygym.local Sent count=1','Gym','14','{\"host\": \"smtp.gmail.com\", \"backend\": \"django.core.mail.backends.smtp.EmailBackend\", \"subject\": \"Your gym was approved\", \"template\": \"gym_status_owner\", \"to_email\": \"imports@mygym.local\"}','/control/gyms/14/approve/','192.168.100.227','Mozilla/5.0 (iPhone; CPU iPhone OS 18_7 like Mac OS X) AppleWebKit/605.1.15 (KHTML, like Gecko) Version/26.2 Mobile/15E148 Safari/604.1','2026-06-26 16:58:01.771346',1),(127,'INFO','GYM','gym_approved','سالن ورزشی الزهرا approved','Gym','14','{}','/control/gyms/14/approve/','192.168.100.227','Mozilla/5.0 (iPhone; CPU iPhone OS 18_7 like Mac OS X) AppleWebKit/605.1.15 (KHTML, like Gecko) Version/26.2 Mobile/15E148 Safari/604.1','2026-06-26 16:58:01.778084',1),(128,'INFO','EMAIL','email_sent','Subject=Your gym was approved To=imports@mygym.local Sent count=1','Gym','13','{\"host\": \"smtp.gmail.com\", \"backend\": \"django.core.mail.backends.smtp.EmailBackend\", \"subject\": \"Your gym was approved\", \"template\": \"gym_status_owner\", \"to_email\": \"imports@mygym.local\"}','/control/gyms/13/approve/','192.168.100.227','Mozilla/5.0 (iPhone; CPU iPhone OS 18_7 like Mac OS X) AppleWebKit/605.1.15 (KHTML, like Gecko) Version/26.2 Mobile/15E148 Safari/604.1','2026-06-26 16:58:02.529508',1),(129,'INFO','GYM','gym_approved','مجموعه ورزشی ایثار approved','Gym','13','{}','/control/gyms/13/approve/','192.168.100.227','Mozilla/5.0 (iPhone; CPU iPhone OS 18_7 like Mac OS X) AppleWebKit/605.1.15 (KHTML, like Gecko) Version/26.2 Mobile/15E148 Safari/604.1','2026-06-26 16:58:02.536936',1),(130,'INFO','EMAIL','email_sent','Subject=Your gym was approved To=imports@mygym.local Sent count=1','Gym','11','{\"host\": \"smtp.gmail.com\", \"backend\": \"django.core.mail.backends.smtp.EmailBackend\", \"subject\": \"Your gym was approved\", \"template\": \"gym_status_owner\", \"to_email\": \"imports@mygym.local\"}','/control/gyms/11/approve/','192.168.100.227','Mozilla/5.0 (iPhone; CPU iPhone OS 18_7 like Mac OS X) AppleWebKit/605.1.15 (KHTML, like Gecko) Version/26.2 Mobile/15E148 Safari/604.1','2026-06-26 16:58:03.420200',1),(131,'INFO','GYM','gym_approved','مجتمع ورزشی وحدت approved','Gym','11','{}','/control/gyms/11/approve/','192.168.100.227','Mozilla/5.0 (iPhone; CPU iPhone OS 18_7 like Mac OS X) AppleWebKit/605.1.15 (KHTML, like Gecko) Version/26.2 Mobile/15E148 Safari/604.1','2026-06-26 16:58:03.438207',1),(132,'INFO','EMAIL','email_sent','Subject=Your gym was approved To=imports@mygym.local Sent count=1','Gym','10','{\"host\": \"smtp.gmail.com\", \"backend\": \"django.core.mail.backends.smtp.EmailBackend\", \"subject\": \"Your gym was approved\", \"template\": \"gym_status_owner\", \"to_email\": \"imports@mygym.local\"}','/control/gyms/10/approve/','192.168.100.227','Mozilla/5.0 (iPhone; CPU iPhone OS 18_7 like Mac OS X) AppleWebKit/605.1.15 (KHTML, like Gecko) Version/26.2 Mobile/15E148 Safari/604.1','2026-06-26 16:58:03.879175',1),(133,'INFO','GYM','gym_approved','استخر شهید مدنی approved','Gym','10','{}','/control/gyms/10/approve/','192.168.100.227','Mozilla/5.0 (iPhone; CPU iPhone OS 18_7 like Mac OS X) AppleWebKit/605.1.15 (KHTML, like Gecko) Version/26.2 Mobile/15E148 Safari/604.1','2026-06-26 16:58:03.885470',1),(134,'INFO','EMAIL','email_sent','Subject=Your gym was approved To=imports@mygym.local Sent count=1','Gym','12','{\"host\": \"smtp.gmail.com\", \"backend\": \"django.core.mail.backends.smtp.EmailBackend\", \"subject\": \"Your gym was approved\", \"template\": \"gym_status_owner\", \"to_email\": \"imports@mygym.local\"}','/control/gyms/12/approve/','192.168.100.227','Mozilla/5.0 (iPhone; CPU iPhone OS 18_7 like Mac OS X) AppleWebKit/605.1.15 (KHTML, like Gecko) Version/26.2 Mobile/15E148 Safari/604.1','2026-06-26 16:58:04.277047',1),(135,'INFO','GYM','gym_approved','سالن ورزشی بیلیارد approved','Gym','12','{}','/control/gyms/12/approve/','192.168.100.227','Mozilla/5.0 (iPhone; CPU iPhone OS 18_7 like Mac OS X) AppleWebKit/605.1.15 (KHTML, like Gecko) Version/26.2 Mobile/15E148 Safari/604.1','2026-06-26 16:58:04.287261',1),(136,'INFO','EMAIL','email_sent','Subject=Your gym was approved To=imports@mygym.local Sent count=1','Gym','9','{\"host\": \"smtp.gmail.com\", \"backend\": \"django.core.mail.backends.smtp.EmailBackend\", \"subject\": \"Your gym was approved\", \"template\": \"gym_status_owner\", \"to_email\": \"imports@mygym.local\"}','/control/gyms/9/approve/','192.168.100.227','Mozilla/5.0 (iPhone; CPU iPhone OS 18_7 like Mac OS X) AppleWebKit/605.1.15 (KHTML, like Gecko) Version/26.2 Mobile/15E148 Safari/604.1','2026-06-26 16:58:04.778825',1),(137,'INFO','GYM','gym_approved','سالن ورزشی دبیرستان امیرخیزی approved','Gym','9','{}','/control/gyms/9/approve/','192.168.100.227','Mozilla/5.0 (iPhone; CPU iPhone OS 18_7 like Mac OS X) AppleWebKit/605.1.15 (KHTML, like Gecko) Version/26.2 Mobile/15E148 Safari/604.1','2026-06-26 16:58:04.785896',1),(138,'INFO','EMAIL','email_sent','Subject=Your gym was approved To=imports@mygym.local Sent count=1','Gym','8','{\"host\": \"smtp.gmail.com\", \"backend\": \"django.core.mail.backends.smtp.EmailBackend\", \"subject\": \"Your gym was approved\", \"template\": \"gym_status_owner\", \"to_email\": \"imports@mygym.local\"}','/control/gyms/8/approve/','192.168.100.227','Mozilla/5.0 (iPhone; CPU iPhone OS 18_7 like Mac OS X) AppleWebKit/605.1.15 (KHTML, like Gecko) Version/26.2 Mobile/15E148 Safari/604.1','2026-06-26 16:58:06.145447',1),(139,'INFO','GYM','gym_approved','سالن استخروسونای مدنی approved','Gym','8','{}','/control/gyms/8/approve/','192.168.100.227','Mozilla/5.0 (iPhone; CPU iPhone OS 18_7 like Mac OS X) AppleWebKit/605.1.15 (KHTML, like Gecko) Version/26.2 Mobile/15E148 Safari/604.1','2026-06-26 16:58:06.151345',1),(140,'INFO','EMAIL','email_sent','Subject=Your gym was approved To=imports@mygym.local Sent count=1','Gym','6','{\"host\": \"smtp.gmail.com\", \"backend\": \"django.core.mail.backends.smtp.EmailBackend\", \"subject\": \"Your gym was approved\", \"template\": \"gym_status_owner\", \"to_email\": \"imports@mygym.local\"}','/control/gyms/6/approve/','192.168.100.227','Mozilla/5.0 (iPhone; CPU iPhone OS 18_7 like Mac OS X) AppleWebKit/605.1.15 (KHTML, like Gecko) Version/26.2 Mobile/15E148 Safari/604.1','2026-06-26 16:58:15.949395',1),(141,'INFO','GYM','gym_approved','باشگاه فرهنگی و ورزشی آرارات تبریز approved','Gym','6','{}','/control/gyms/6/approve/','192.168.100.227','Mozilla/5.0 (iPhone; CPU iPhone OS 18_7 like Mac OS X) AppleWebKit/605.1.15 (KHTML, like Gecko) Version/26.2 Mobile/15E148 Safari/604.1','2026-06-26 16:58:15.955422',1),(142,'INFO','EMAIL','email_sent','Subject=Your gym was approved To=imports@mygym.local Sent count=1','Gym','7','{\"host\": \"smtp.gmail.com\", \"backend\": \"django.core.mail.backends.smtp.EmailBackend\", \"subject\": \"Your gym was approved\", \"template\": \"gym_status_owner\", \"to_email\": \"imports@mygym.local\"}','/control/gyms/7/approve/','192.168.100.227','Mozilla/5.0 (iPhone; CPU iPhone OS 18_7 like Mac OS X) AppleWebKit/605.1.15 (KHTML, like Gecko) Version/26.2 Mobile/15E148 Safari/604.1','2026-06-26 16:58:16.656077',1),(143,'INFO','GYM','gym_approved','استخر دلفین آبی approved','Gym','7','{}','/control/gyms/7/approve/','192.168.100.227','Mozilla/5.0 (iPhone; CPU iPhone OS 18_7 like Mac OS X) AppleWebKit/605.1.15 (KHTML, like Gecko) Version/26.2 Mobile/15E148 Safari/604.1','2026-06-26 16:58:16.661892',1),(144,'INFO','EMAIL','email_sent','Subject=Your gym was approved To=imports@mygym.local Sent count=1','Gym','5','{\"host\": \"smtp.gmail.com\", \"backend\": \"django.core.mail.backends.smtp.EmailBackend\", \"subject\": \"Your gym was approved\", \"template\": \"gym_status_owner\", \"to_email\": \"imports@mygym.local\"}','/control/gyms/5/approve/','192.168.100.227','Mozilla/5.0 (iPhone; CPU iPhone OS 18_7 like Mac OS X) AppleWebKit/605.1.15 (KHTML, like Gecko) Version/26.2 Mobile/15E148 Safari/604.1','2026-06-26 16:58:17.474481',1),(145,'INFO','GYM','gym_approved','سالن ورزشی قائم مقام approved','Gym','5','{}','/control/gyms/5/approve/','192.168.100.227','Mozilla/5.0 (iPhone; CPU iPhone OS 18_7 like Mac OS X) AppleWebKit/605.1.15 (KHTML, like Gecko) Version/26.2 Mobile/15E148 Safari/604.1','2026-06-26 16:58:17.679951',1),(146,'INFO','EMAIL','email_sent','Subject=Your gym was approved To=imports@mygym.local Sent count=1','Gym','4','{\"host\": \"smtp.gmail.com\", \"backend\": \"django.core.mail.backends.smtp.EmailBackend\", \"subject\": \"Your gym was approved\", \"template\": \"gym_status_owner\", \"to_email\": \"imports@mygym.local\"}','/control/gyms/4/approve/','192.168.100.227','Mozilla/5.0 (iPhone; CPU iPhone OS 18_7 like Mac OS X) AppleWebKit/605.1.15 (KHTML, like Gecko) Version/26.2 Mobile/15E148 Safari/604.1','2026-06-26 16:58:18.260771',1),(147,'INFO','GYM','gym_approved','سالن شش هزار نفری پورشریفی approved','Gym','4','{}','/control/gyms/4/approve/','192.168.100.227','Mozilla/5.0 (iPhone; CPU iPhone OS 18_7 like Mac OS X) AppleWebKit/605.1.15 (KHTML, like Gecko) Version/26.2 Mobile/15E148 Safari/604.1','2026-06-26 16:58:18.390230',1),(148,'INFO','EMAIL','email_sent','Subject=Your gym was approved To=imports@mygym.local Sent count=1','Gym','3','{\"host\": \"smtp.gmail.com\", \"backend\": \"django.core.mail.backends.smtp.EmailBackend\", \"subject\": \"Your gym was approved\", \"template\": \"gym_status_owner\", \"to_email\": \"imports@mygym.local\"}','/control/gyms/3/approve/','192.168.100.227','Mozilla/5.0 (iPhone; CPU iPhone OS 18_7 like Mac OS X) AppleWebKit/605.1.15 (KHTML, like Gecko) Version/26.2 Mobile/15E148 Safari/604.1','2026-06-26 16:58:24.690541',1),(149,'INFO','GYM','gym_approved','باشگاه گنجویان approved','Gym','3','{}','/control/gyms/3/approve/','192.168.100.227','Mozilla/5.0 (iPhone; CPU iPhone OS 18_7 like Mac OS X) AppleWebKit/605.1.15 (KHTML, like Gecko) Version/26.2 Mobile/15E148 Safari/604.1','2026-06-26 16:58:24.862637',1),(150,'INFO','EMAIL','email_sent','Subject=Your gym was approved To=imports@mygym.local Sent count=1','Gym','2','{\"host\": \"smtp.gmail.com\", \"backend\": \"django.core.mail.backends.smtp.EmailBackend\", \"subject\": \"Your gym was approved\", \"template\": \"gym_status_owner\", \"to_email\": \"imports@mygym.local\"}','/control/gyms/2/approve/','192.168.100.227','Mozilla/5.0 (iPhone; CPU iPhone OS 18_7 like Mac OS X) AppleWebKit/605.1.15 (KHTML, like Gecko) Version/26.2 Mobile/15E148 Safari/604.1','2026-06-26 16:58:25.561251',1),(151,'INFO','GYM','gym_approved','Tabriz approved','Gym','2','{}','/control/gyms/2/approve/','192.168.100.227','Mozilla/5.0 (iPhone; CPU iPhone OS 18_7 like Mac OS X) AppleWebKit/605.1.15 (KHTML, like Gecko) Version/26.2 Mobile/15E148 Safari/604.1','2026-06-26 16:58:25.648530',1),(152,'INFO','EMAIL','email_sent','Subject=Your gym was approved To=imports@mygym.local Sent count=1','Gym','1','{\"host\": \"smtp.gmail.com\", \"backend\": \"django.core.mail.backends.smtp.EmailBackend\", \"subject\": \"Your gym was approved\", \"template\": \"gym_status_owner\", \"to_email\": \"imports@mygym.local\"}','/control/gyms/1/approve/','192.168.100.227','Mozilla/5.0 (iPhone; CPU iPhone OS 18_7 like Mac OS X) AppleWebKit/605.1.15 (KHTML, like Gecko) Version/26.2 Mobile/15E148 Safari/604.1','2026-06-26 16:58:25.985962',1),(153,'INFO','GYM','gym_approved','سالن ورزشی صمد اقدمی approved','Gym','1','{}','/control/gyms/1/approve/','192.168.100.227','Mozilla/5.0 (iPhone; CPU iPhone OS 18_7 like Mac OS X) AppleWebKit/605.1.15 (KHTML, like Gecko) Version/26.2 Mobile/15E148 Safari/604.1','2026-06-26 16:58:26.124485',1),(154,'INFO','EMAIL','email_sent','Subject=New booking request for مجموعه ورزشی بریانک To=imports@mygym.local Sent count=1','Booking','3','{\"host\": \"smtp.gmail.com\", \"backend\": \"django.core.mail.backends.smtp.EmailBackend\", \"subject\": \"New booking request for مجموعه ورزشی بریانک\", \"template\": \"booking_created_owner\", \"to_email\": \"imports@mygym.local\"}','/bookings/create/29/','192.168.100.227','Mozilla/5.0 (iPhone; CPU iPhone OS 18_7 like Mac OS X) AppleWebKit/605.1.15 (KHTML, like Gecko) Version/26.2 Mobile/15E148 Safari/604.1','2026-06-26 17:00:33.550671',1),(155,'INFO','BOOKING','booking_created','Booking request for مجموعه ورزشی بریانک','Booking','3','{}','/bookings/create/29/','192.168.100.227','Mozilla/5.0 (iPhone; CPU iPhone OS 18_7 like Mac OS X) AppleWebKit/605.1.15 (KHTML, like Gecko) Version/26.2 Mobile/15E148 Safari/604.1','2026-06-26 17:00:33.568483',1),(156,'INFO','SESSION','session_created','Session created for booking 3','Session','3','{}','/bookings/3/confirm/','127.0.0.1','Mozilla/5.0 (Windows NT 10.0; Win64; x64) AppleWebKit/537.36 (KHTML, like Gecko) Chrome/149.0.0.0 Safari/537.36','2026-06-26 17:00:58.827189',2),(157,'INFO','SUBSCRIPTION','subscription_created','Access pass created for booking 3','GymSubscription','2','{}','/bookings/3/confirm/','127.0.0.1','Mozilla/5.0 (Windows NT 10.0; Win64; x64) AppleWebKit/537.36 (KHTML, like Gecko) Chrome/149.0.0.0 Safari/537.36','2026-06-26 17:00:58.827930',2),(158,'INFO','EMAIL','email_sent','Subject=myGym booking confirmed To=arad.mealzo@gmail.com Sent count=1','Booking','3','{\"host\": \"smtp.gmail.com\", \"backend\": \"django.core.mail.backends.smtp.EmailBackend\", \"subject\": \"myGym booking confirmed\", \"template\": \"booking_status_customer\", \"to_email\": \"arad.mealzo@gmail.com\"}','/bookings/3/confirm/','127.0.0.1','Mozilla/5.0 (Windows NT 10.0; Win64; x64) AppleWebKit/537.36 (KHTML, like Gecko) Chrome/149.0.0.0 Safari/537.36','2026-06-26 17:01:04.172772',2),(159,'INFO','EMAIL','email_sent','Subject=Your myGym session QR for مجموعه ورزشی بریانک To=arad.mealzo@gmail.com Sent count=1','Session','3','{\"host\": \"smtp.gmail.com\", \"backend\": \"django.core.mail.backends.smtp.EmailBackend\", \"subject\": \"Your myGym session QR for مجموعه ورزشی بریانک\", \"template\": \"session_qr_customer\", \"to_email\": \"arad.mealzo@gmail.com\"}','/bookings/3/confirm/','127.0.0.1','Mozilla/5.0 (Windows NT 10.0; Win64; x64) AppleWebKit/537.36 (KHTML, like Gecko) Chrome/149.0.0.0 Safari/537.36','2026-06-26 17:01:07.887984',2),(160,'INFO','EMAIL','email_sent','Subject=Your myGym Access Pass for مجموعه ورزشی بریانک To=arad.mealzo@gmail.com Sent count=1','GymSubscription','2','{\"host\": \"smtp.gmail.com\", \"backend\": \"django.core.mail.backends.smtp.EmailBackend\", \"subject\": \"Your myGym Access Pass for مجموعه ورزشی بریانک\", \"template\": \"membership_access_pass_customer\", \"to_email\": \"arad.mealzo@gmail.com\"}','/bookings/3/confirm/','127.0.0.1','Mozilla/5.0 (Windows NT 10.0; Win64; x64) AppleWebKit/537.36 (KHTML, like Gecko) Chrome/149.0.0.0 Safari/537.36','2026-06-26 17:01:14.184431',2),(161,'INFO','BOOKING','booking_status_updated','Booking 3 moved from PENDING to CONFIRMED','Booking','3','{\"new_status\": \"CONFIRMED\", \"old_status\": \"PENDING\"}','/bookings/3/confirm/','127.0.0.1','Mozilla/5.0 (Windows NT 10.0; Win64; x64) AppleWebKit/537.36 (KHTML, like Gecko) Chrome/149.0.0.0 Safari/537.36','2026-06-26 17:01:14.192823',2),(162,'INFO','CHECKIN','membership_checkin_confirmed','Subscription 2 checked in','GymCheckIn','4','{}','/bookings/memberships/check-in/9e7a3121-880c-490e-b9f6-86f5a42de77f/','192.168.100.227','Mozilla/5.0 (iPhone; CPU iPhone OS 18_7 like Mac OS X) AppleWebKit/605.1.15 (KHTML, like Gecko) Version/26.2 Mobile/15E148 Safari/604.1','2026-06-26 17:01:19.433911',1);
/*!40000 ALTER TABLE `systemlogs_systemlog` ENABLE KEYS */;
UNLOCK TABLES;
/*!40103 SET TIME_ZONE=@OLD_TIME_ZONE */;

/*!40101 SET SQL_MODE=@OLD_SQL_MODE */;
/*!40014 SET FOREIGN_KEY_CHECKS=@OLD_FOREIGN_KEY_CHECKS */;
/*!40014 SET UNIQUE_CHECKS=@OLD_UNIQUE_CHECKS */;
/*!40101 SET CHARACTER_SET_CLIENT=@OLD_CHARACTER_SET_CLIENT */;
/*!40101 SET CHARACTER_SET_RESULTS=@OLD_CHARACTER_SET_RESULTS */;
/*!40101 SET COLLATION_CONNECTION=@OLD_COLLATION_CONNECTION */;
/*!40111 SET SQL_NOTES=@OLD_SQL_NOTES */;

-- Dump completed on 2026-06-26 20:38:29
